-- MySQL dump 10.13  Distrib 8.0.40, for Win64 (x86_64)
--
-- Host: localhost    Database: afet_koordinasyon
-- ------------------------------------------------------
-- Server version	8.0.40

/*!40101 SET @OLD_CHARACTER_SET_CLIENT=@@CHARACTER_SET_CLIENT */;
/*!40101 SET @OLD_CHARACTER_SET_RESULTS=@@CHARACTER_SET_RESULTS */;
/*!40101 SET @OLD_COLLATION_CONNECTION=@@COLLATION_CONNECTION */;
/*!50503 SET NAMES utf8 */;
/*!40103 SET @OLD_TIME_ZONE=@@TIME_ZONE */;
/*!40103 SET TIME_ZONE='+00:00' */;
/*!40014 SET @OLD_UNIQUE_CHECKS=@@UNIQUE_CHECKS, UNIQUE_CHECKS=0 */;
/*!40014 SET @OLD_FOREIGN_KEY_CHECKS=@@FOREIGN_KEY_CHECKS, FOREIGN_KEY_CHECKS=0 */;
/*!40101 SET @OLD_SQL_MODE=@@SQL_MODE, SQL_MODE='NO_AUTO_VALUE_ON_ZERO' */;
/*!40111 SET @OLD_SQL_NOTES=@@SQL_NOTES, SQL_NOTES=0 */;

--
-- Table structure for table `barinma_alanlari`
--

DROP TABLE IF EXISTS `barinma_alanlari`;
/*!40101 SET @saved_cs_client     = @@character_set_client */;
/*!50503 SET character_set_client = utf8mb4 */;
CREATE TABLE `barinma_alanlari` (
  `id` int NOT NULL AUTO_INCREMENT,
  `ad` varchar(100) COLLATE utf8mb4_turkish_ci NOT NULL,
  `adres` varchar(255) COLLATE utf8mb4_turkish_ci NOT NULL,
  `kapasite` int NOT NULL,
  `doluluk` int DEFAULT '0',
  `durum` enum('AKTIF','DOLU','KAPALI') COLLATE utf8mb4_turkish_ci DEFAULT 'AKTIF',
  `created_at` datetime DEFAULT CURRENT_TIMESTAMP,
  `updated_at` datetime DEFAULT CURRENT_TIMESTAMP ON UPDATE CURRENT_TIMESTAMP,
  PRIMARY KEY (`id`),
  CONSTRAINT `barinma_alanlari_chk_1` CHECK ((`kapasite` > 0)),
  CONSTRAINT `barinma_alanlari_chk_2` CHECK ((`doluluk` >= 0))
) ENGINE=InnoDB AUTO_INCREMENT=151 DEFAULT CHARSET=utf8mb4 COLLATE=utf8mb4_turkish_ci;
/*!40101 SET character_set_client = @saved_cs_client */;

--
-- Dumping data for table `barinma_alanlari`
--

LOCK TABLES `barinma_alanlari` WRITE;
/*!40000 ALTER TABLE `barinma_alanlari` DISABLE KEYS */;
INSERT INTO `barinma_alanlari` VALUES (1,'Barinma 1','Barinma Adres 1',150,10,'AKTIF','2025-12-21 01:14:36','2025-12-21 01:14:36'),(2,'Barinma 2','Barinma Adres 2',160,20,'AKTIF','2025-12-21 01:14:36','2025-12-21 01:14:36'),(3,'Barinma 3','Barinma Adres 3',170,30,'AKTIF','2025-12-21 01:14:36','2025-12-21 01:14:36'),(4,'Barinma 4','Barinma Adres 4',180,40,'AKTIF','2025-12-21 01:14:36','2025-12-21 01:14:36'),(5,'Barinma 5','Barinma Adres 5',190,50,'AKTIF','2025-12-21 01:14:36','2025-12-21 01:14:36'),(6,'Barinma 6','Barinma Adres 6',200,60,'AKTIF','2025-12-21 01:14:36','2025-12-21 01:14:36'),(7,'Barinma 7','Barinma Adres 7',210,70,'AKTIF','2025-12-21 01:14:36','2025-12-21 01:14:36'),(8,'Barinma 8','Barinma Adres 8',220,80,'AKTIF','2025-12-21 01:14:36','2025-12-21 01:14:36'),(9,'Barinma 9','Barinma Adres 9',230,90,'AKTIF','2025-12-21 01:14:36','2025-12-21 01:14:36'),(10,'Barinma 10','Barinma Adres 10',240,100,'AKTIF','2025-12-21 01:14:36','2025-12-21 01:14:36'),(11,'Barinma 11','Barinma Adres 11',250,110,'AKTIF','2025-12-21 01:14:36','2025-12-21 01:14:36'),(12,'Barinma 12','Barinma Adres 12',260,120,'AKTIF','2025-12-21 01:14:36','2025-12-21 01:14:36'),(13,'Barinma 13','Barinma Adres 13',270,130,'AKTIF','2025-12-21 01:14:36','2025-12-21 01:14:36'),(14,'Barinma 14','Barinma Adres 14',280,140,'AKTIF','2025-12-21 01:14:36','2025-12-21 01:14:36'),(15,'Barinma 15','Barinma Adres 15',290,150,'AKTIF','2025-12-21 01:14:36','2025-12-21 01:14:36'),(16,'Barinma 16','Barinma Adres 16',300,160,'AKTIF','2025-12-21 01:14:36','2025-12-21 01:14:36'),(17,'Barinma 17','Barinma Adres 17',310,170,'AKTIF','2025-12-21 01:14:36','2025-12-21 01:14:36'),(18,'Barinma 18','Barinma Adres 18',320,180,'AKTIF','2025-12-21 01:14:36','2025-12-21 01:14:36'),(19,'Barinma 19','Barinma Adres 19',330,190,'AKTIF','2025-12-21 01:14:36','2025-12-21 01:14:36'),(20,'Barinma 20','Barinma Adres 20',340,200,'AKTIF','2025-12-21 01:14:36','2025-12-21 01:14:36'),(21,'Barinma 21','Barinma Adres 21',350,210,'AKTIF','2025-12-21 01:14:36','2025-12-21 01:14:36'),(22,'Barinma 22','Barinma Adres 22',360,220,'AKTIF','2025-12-21 01:14:36','2025-12-21 01:14:36'),(23,'Barinma 23','Barinma Adres 23',370,230,'AKTIF','2025-12-21 01:14:36','2025-12-21 01:14:36'),(24,'Barinma 24','Barinma Adres 24',380,240,'AKTIF','2025-12-21 01:14:36','2025-12-21 01:14:36'),(25,'Barinma 25','Barinma Adres 25',390,250,'AKTIF','2025-12-21 01:14:36','2025-12-21 01:14:36'),(26,'Barinma 26','Barinma Adres 26',400,260,'AKTIF','2025-12-21 01:14:36','2025-12-21 01:14:36'),(27,'Barinma 27','Barinma Adres 27',410,270,'AKTIF','2025-12-21 01:14:36','2025-12-21 01:14:36'),(28,'Barinma 28','Barinma Adres 28',420,280,'AKTIF','2025-12-21 01:14:36','2025-12-21 01:14:36'),(29,'Barinma 29','Barinma Adres 29',430,290,'AKTIF','2025-12-21 01:14:36','2025-12-21 01:14:36'),(30,'Barinma 30','Barinma Adres 30',440,300,'AKTIF','2025-12-21 01:14:36','2025-12-21 01:14:36'),(31,'Barinma 1','Barinma Adres 1',150,10,'AKTIF','2025-12-27 15:16:40','2025-12-27 15:16:40'),(32,'Barinma 2','Barinma Adres 2',160,20,'AKTIF','2025-12-27 15:16:40','2025-12-27 15:16:40'),(33,'Barinma 3','Barinma Adres 3',170,30,'AKTIF','2025-12-27 15:16:40','2025-12-27 15:16:40'),(34,'Barinma 4','Barinma Adres 4',180,40,'AKTIF','2025-12-27 15:16:40','2025-12-27 15:16:40'),(35,'Barinma 5','Barinma Adres 5',190,50,'AKTIF','2025-12-27 15:16:40','2025-12-27 15:16:40'),(36,'Barinma 6','Barinma Adres 6',200,60,'AKTIF','2025-12-27 15:16:40','2025-12-27 15:16:40'),(37,'Barinma 7','Barinma Adres 7',210,70,'AKTIF','2025-12-27 15:16:40','2025-12-27 15:16:40'),(38,'Barinma 8','Barinma Adres 8',220,80,'AKTIF','2025-12-27 15:16:40','2025-12-27 15:16:40'),(39,'Barinma 9','Barinma Adres 9',230,90,'AKTIF','2025-12-27 15:16:40','2025-12-27 15:16:40'),(40,'Barinma 10','Barinma Adres 10',240,100,'AKTIF','2025-12-27 15:16:40','2025-12-27 15:16:40'),(41,'Barinma 11','Barinma Adres 11',250,110,'AKTIF','2025-12-27 15:16:40','2025-12-27 15:16:40'),(42,'Barinma 12','Barinma Adres 12',260,120,'AKTIF','2025-12-27 15:16:40','2025-12-27 15:16:40'),(43,'Barinma 13','Barinma Adres 13',270,130,'AKTIF','2025-12-27 15:16:40','2025-12-27 15:16:40'),(44,'Barinma 14','Barinma Adres 14',280,140,'AKTIF','2025-12-27 15:16:40','2025-12-27 15:16:40'),(45,'Barinma 15','Barinma Adres 15',290,150,'AKTIF','2025-12-27 15:16:40','2025-12-27 15:16:40'),(46,'Barinma 16','Barinma Adres 16',300,160,'AKTIF','2025-12-27 15:16:40','2025-12-27 15:16:40'),(47,'Barinma 17','Barinma Adres 17',310,170,'AKTIF','2025-12-27 15:16:40','2025-12-27 15:16:40'),(48,'Barinma 18','Barinma Adres 18',320,180,'AKTIF','2025-12-27 15:16:40','2025-12-27 15:16:40'),(49,'Barinma 19','Barinma Adres 19',330,190,'AKTIF','2025-12-27 15:16:40','2025-12-27 15:16:40'),(50,'Barinma 20','Barinma Adres 20',340,200,'AKTIF','2025-12-27 15:16:40','2025-12-27 15:16:40'),(51,'Barinma 21','Barinma Adres 21',350,210,'AKTIF','2025-12-27 15:16:40','2025-12-27 15:16:40'),(52,'Barinma 22','Barinma Adres 22',360,220,'AKTIF','2025-12-27 15:16:40','2025-12-27 15:16:40'),(53,'Barinma 23','Barinma Adres 23',370,230,'AKTIF','2025-12-27 15:16:40','2025-12-27 15:16:40'),(54,'Barinma 24','Barinma Adres 24',380,240,'AKTIF','2025-12-27 15:16:40','2025-12-27 15:16:40'),(55,'Barinma 25','Barinma Adres 25',390,250,'AKTIF','2025-12-27 15:16:40','2025-12-27 15:16:40'),(56,'Barinma 26','Barinma Adres 26',400,260,'AKTIF','2025-12-27 15:16:40','2025-12-27 15:16:40'),(57,'Barinma 27','Barinma Adres 27',410,270,'AKTIF','2025-12-27 15:16:40','2025-12-27 15:16:40'),(58,'Barinma 28','Barinma Adres 28',420,280,'AKTIF','2025-12-27 15:16:40','2025-12-27 15:16:40'),(59,'Barinma 29','Barinma Adres 29',430,290,'AKTIF','2025-12-27 15:16:40','2025-12-27 15:16:40'),(60,'Barinma 30','Barinma Adres 30',440,300,'AKTIF','2025-12-27 15:16:40','2025-12-27 15:16:40'),(61,'Barinma 1','Barinma Adres 1',150,10,'AKTIF','2025-12-27 16:26:51','2025-12-27 16:26:51'),(62,'Barinma 2','Barinma Adres 2',160,20,'AKTIF','2025-12-27 16:26:51','2025-12-27 16:26:51'),(63,'Barinma 3','Barinma Adres 3',170,30,'AKTIF','2025-12-27 16:26:51','2025-12-27 16:26:51'),(64,'Barinma 4','Barinma Adres 4',180,40,'AKTIF','2025-12-27 16:26:51','2025-12-27 16:26:51'),(65,'Barinma 5','Barinma Adres 5',190,50,'AKTIF','2025-12-27 16:26:51','2025-12-27 16:26:51'),(66,'Barinma 6','Barinma Adres 6',200,60,'AKTIF','2025-12-27 16:26:51','2025-12-27 16:26:51'),(67,'Barinma 7','Barinma Adres 7',210,70,'AKTIF','2025-12-27 16:26:51','2025-12-27 16:26:51'),(68,'Barinma 8','Barinma Adres 8',220,80,'AKTIF','2025-12-27 16:26:51','2025-12-27 16:26:51'),(69,'Barinma 9','Barinma Adres 9',230,90,'AKTIF','2025-12-27 16:26:51','2025-12-27 16:26:51'),(70,'Barinma 10','Barinma Adres 10',240,100,'AKTIF','2025-12-27 16:26:51','2025-12-27 16:26:51'),(71,'Barinma 11','Barinma Adres 11',250,110,'AKTIF','2025-12-27 16:26:51','2025-12-27 16:26:51'),(72,'Barinma 12','Barinma Adres 12',260,120,'AKTIF','2025-12-27 16:26:51','2025-12-27 16:26:51'),(73,'Barinma 13','Barinma Adres 13',270,130,'AKTIF','2025-12-27 16:26:51','2025-12-27 16:26:51'),(74,'Barinma 14','Barinma Adres 14',280,140,'AKTIF','2025-12-27 16:26:51','2025-12-27 16:26:51'),(75,'Barinma 15','Barinma Adres 15',290,150,'AKTIF','2025-12-27 16:26:51','2025-12-27 16:26:51'),(76,'Barinma 16','Barinma Adres 16',300,160,'AKTIF','2025-12-27 16:26:51','2025-12-27 16:26:51'),(77,'Barinma 17','Barinma Adres 17',310,170,'AKTIF','2025-12-27 16:26:51','2025-12-27 16:26:51'),(78,'Barinma 18','Barinma Adres 18',320,180,'AKTIF','2025-12-27 16:26:51','2025-12-27 16:26:51'),(79,'Barinma 19','Barinma Adres 19',330,190,'AKTIF','2025-12-27 16:26:51','2025-12-27 16:26:51'),(80,'Barinma 20','Barinma Adres 20',340,200,'AKTIF','2025-12-27 16:26:51','2025-12-27 16:26:51'),(81,'Barinma 21','Barinma Adres 21',350,210,'AKTIF','2025-12-27 16:26:51','2025-12-27 16:26:51'),(82,'Barinma 22','Barinma Adres 22',360,220,'AKTIF','2025-12-27 16:26:51','2025-12-27 16:26:51'),(83,'Barinma 23','Barinma Adres 23',370,230,'AKTIF','2025-12-27 16:26:51','2025-12-27 16:26:51'),(84,'Barinma 24','Barinma Adres 24',380,240,'AKTIF','2025-12-27 16:26:51','2025-12-27 16:26:51'),(85,'Barinma 25','Barinma Adres 25',390,250,'AKTIF','2025-12-27 16:26:51','2025-12-27 16:26:51'),(86,'Barinma 26','Barinma Adres 26',400,260,'AKTIF','2025-12-27 16:26:51','2025-12-27 16:26:51'),(87,'Barinma 27','Barinma Adres 27',410,270,'AKTIF','2025-12-27 16:26:51','2025-12-27 16:26:51'),(88,'Barinma 28','Barinma Adres 28',420,280,'AKTIF','2025-12-27 16:26:51','2025-12-27 16:26:51'),(89,'Barinma 29','Barinma Adres 29',430,290,'AKTIF','2025-12-27 16:26:51','2025-12-27 16:26:51'),(90,'Barinma 30','Barinma Adres 30',440,300,'AKTIF','2025-12-27 16:26:51','2025-12-27 16:26:51'),(91,'Barinma 1','Barinma Adres 1',150,10,'AKTIF','2026-01-04 17:13:54','2026-01-04 17:13:54'),(92,'Barinma 2','Barinma Adres 2',160,20,'AKTIF','2026-01-04 17:13:54','2026-01-04 17:13:54'),(93,'Barinma 3','Barinma Adres 3',170,30,'AKTIF','2026-01-04 17:13:54','2026-01-04 17:13:54'),(94,'Barinma 4','Barinma Adres 4',180,40,'AKTIF','2026-01-04 17:13:54','2026-01-04 17:13:54'),(95,'Barinma 5','Barinma Adres 5',190,50,'AKTIF','2026-01-04 17:13:54','2026-01-04 17:13:54'),(96,'Barinma 6','Barinma Adres 6',200,60,'AKTIF','2026-01-04 17:13:54','2026-01-04 17:13:54'),(97,'Barinma 7','Barinma Adres 7',210,70,'AKTIF','2026-01-04 17:13:54','2026-01-04 17:13:54'),(98,'Barinma 8','Barinma Adres 8',220,80,'AKTIF','2026-01-04 17:13:54','2026-01-04 17:13:54'),(99,'Barinma 9','Barinma Adres 9',230,90,'AKTIF','2026-01-04 17:13:54','2026-01-04 17:13:54'),(100,'Barinma 10','Barinma Adres 10',240,100,'AKTIF','2026-01-04 17:13:54','2026-01-04 17:13:54'),(101,'Barinma 11','Barinma Adres 11',250,110,'AKTIF','2026-01-04 17:13:54','2026-01-04 17:13:54'),(102,'Barinma 12','Barinma Adres 12',260,120,'AKTIF','2026-01-04 17:13:54','2026-01-04 17:13:54'),(103,'Barinma 13','Barinma Adres 13',270,130,'AKTIF','2026-01-04 17:13:54','2026-01-04 17:13:54'),(104,'Barinma 14','Barinma Adres 14',280,140,'AKTIF','2026-01-04 17:13:54','2026-01-04 17:13:54'),(105,'Barinma 15','Barinma Adres 15',290,150,'AKTIF','2026-01-04 17:13:54','2026-01-04 17:13:54'),(106,'Barinma 16','Barinma Adres 16',300,160,'AKTIF','2026-01-04 17:13:54','2026-01-04 17:13:54'),(107,'Barinma 17','Barinma Adres 17',310,170,'AKTIF','2026-01-04 17:13:54','2026-01-04 17:13:54'),(108,'Barinma 18','Barinma Adres 18',320,180,'AKTIF','2026-01-04 17:13:54','2026-01-04 17:13:54'),(109,'Barinma 19','Barinma Adres 19',330,190,'AKTIF','2026-01-04 17:13:54','2026-01-04 17:13:54'),(110,'Barinma 20','Barinma Adres 20',340,200,'AKTIF','2026-01-04 17:13:54','2026-01-04 17:13:54'),(111,'Barinma 21','Barinma Adres 21',350,210,'AKTIF','2026-01-04 17:13:54','2026-01-04 17:13:54'),(112,'Barinma 22','Barinma Adres 22',360,220,'AKTIF','2026-01-04 17:13:54','2026-01-04 17:13:54'),(113,'Barinma 23','Barinma Adres 23',370,230,'AKTIF','2026-01-04 17:13:54','2026-01-04 17:13:54'),(114,'Barinma 24','Barinma Adres 24',380,240,'AKTIF','2026-01-04 17:13:54','2026-01-04 17:13:54'),(115,'Barinma 25','Barinma Adres 25',390,250,'AKTIF','2026-01-04 17:13:54','2026-01-04 17:13:54'),(116,'Barinma 26','Barinma Adres 26',400,260,'AKTIF','2026-01-04 17:13:54','2026-01-04 17:13:54'),(117,'Barinma 27','Barinma Adres 27',410,270,'AKTIF','2026-01-04 17:13:54','2026-01-04 17:13:54'),(118,'Barinma 28','Barinma Adres 28',420,280,'AKTIF','2026-01-04 17:13:54','2026-01-04 17:13:54'),(119,'Barinma 29','Barinma Adres 29',430,290,'AKTIF','2026-01-04 17:13:54','2026-01-04 17:13:54'),(120,'Barinma 30','Barinma Adres 30',440,300,'AKTIF','2026-01-04 17:13:54','2026-01-04 17:13:54'),(121,'Barinma 1','Barinma Adres 1',150,10,'AKTIF','2026-01-04 21:43:00','2026-01-04 21:43:00'),(122,'Barinma 2','Barinma Adres 2',160,20,'AKTIF','2026-01-04 21:43:00','2026-01-04 21:43:00'),(123,'Barinma 3','Barinma Adres 3',170,30,'AKTIF','2026-01-04 21:43:00','2026-01-04 21:43:00'),(124,'Barinma 4','Barinma Adres 4',180,40,'AKTIF','2026-01-04 21:43:00','2026-01-04 21:43:00'),(125,'Barinma 5','Barinma Adres 5',190,50,'AKTIF','2026-01-04 21:43:00','2026-01-04 21:43:00'),(126,'Barinma 6','Barinma Adres 6',200,60,'AKTIF','2026-01-04 21:43:00','2026-01-04 21:43:00'),(127,'Barinma 7','Barinma Adres 7',210,70,'AKTIF','2026-01-04 21:43:00','2026-01-04 21:43:00'),(128,'Barinma 8','Barinma Adres 8',220,80,'AKTIF','2026-01-04 21:43:00','2026-01-04 21:43:00'),(129,'Barinma 9','Barinma Adres 9',230,90,'AKTIF','2026-01-04 21:43:00','2026-01-04 21:43:00'),(130,'Barinma 10','Barinma Adres 10',240,100,'AKTIF','2026-01-04 21:43:00','2026-01-04 21:43:00'),(131,'Barinma 11','Barinma Adres 11',250,110,'AKTIF','2026-01-04 21:43:00','2026-01-04 21:43:00'),(132,'Barinma 12','Barinma Adres 12',260,120,'AKTIF','2026-01-04 21:43:00','2026-01-04 21:43:00'),(133,'Barinma 13','Barinma Adres 13',270,130,'AKTIF','2026-01-04 21:43:00','2026-01-04 21:43:00'),(134,'Barinma 14','Barinma Adres 14',280,140,'AKTIF','2026-01-04 21:43:00','2026-01-04 21:43:00'),(135,'Barinma 15','Barinma Adres 15',290,150,'AKTIF','2026-01-04 21:43:00','2026-01-04 21:43:00'),(136,'Barinma 16','Barinma Adres 16',300,160,'AKTIF','2026-01-04 21:43:00','2026-01-04 21:43:00'),(137,'Barinma 17','Barinma Adres 17',310,170,'AKTIF','2026-01-04 21:43:00','2026-01-04 21:43:00'),(138,'Barinma 18','Barinma Adres 18',320,180,'AKTIF','2026-01-04 21:43:00','2026-01-04 21:43:00'),(139,'Barinma 19','Barinma Adres 19',330,190,'AKTIF','2026-01-04 21:43:00','2026-01-04 21:43:00'),(140,'Barinma 20','Barinma Adres 20',340,200,'AKTIF','2026-01-04 21:43:00','2026-01-04 21:43:00'),(141,'Barinma 21','Barinma Adres 21',350,210,'AKTIF','2026-01-04 21:43:00','2026-01-04 21:43:00'),(142,'Barinma 22','Barinma Adres 22',360,220,'AKTIF','2026-01-04 21:43:00','2026-01-04 21:43:00'),(143,'Barinma 23','Barinma Adres 23',370,230,'AKTIF','2026-01-04 21:43:00','2026-01-04 21:43:00'),(144,'Barinma 24','Barinma Adres 24',380,240,'AKTIF','2026-01-04 21:43:00','2026-01-04 21:43:00'),(145,'Barinma 25','Barinma Adres 25',390,250,'AKTIF','2026-01-04 21:43:00','2026-01-04 21:43:00'),(146,'Barinma 26','Barinma Adres 26',400,260,'AKTIF','2026-01-04 21:43:00','2026-01-04 21:43:00'),(147,'Barinma 27','Barinma Adres 27',410,270,'AKTIF','2026-01-04 21:43:00','2026-01-04 21:43:00'),(148,'Barinma 28','Barinma Adres 28',420,280,'AKTIF','2026-01-04 21:43:00','2026-01-04 21:43:00'),(149,'Barinma 29','Barinma Adres 29',430,290,'AKTIF','2026-01-04 21:43:00','2026-01-04 21:43:00'),(150,'Barinma 30','Barinma Adres 30',440,300,'AKTIF','2026-01-04 21:43:00','2026-01-04 21:43:00');
/*!40000 ALTER TABLE `barinma_alanlari` ENABLE KEYS */;
UNLOCK TABLES;

--
-- Table structure for table `denetim_log`
--

DROP TABLE IF EXISTS `denetim_log`;
/*!40101 SET @saved_cs_client     = @@character_set_client */;
/*!50503 SET character_set_client = utf8mb4 */;
CREATE TABLE `denetim_log` (
  `id` int NOT NULL AUTO_INCREMENT,
  `tablo_adi` varchar(50) COLLATE utf8mb4_turkish_ci NOT NULL,
  `islem` enum('INSERT','UPDATE','DELETE','KURAL_RED') COLLATE utf8mb4_turkish_ci NOT NULL,
  `kayit_id` int DEFAULT NULL,
  `aciklama` varchar(255) COLLATE utf8mb4_turkish_ci DEFAULT NULL,
  `yapan_kullanici_id` int DEFAULT NULL,
  `created_at` datetime DEFAULT CURRENT_TIMESTAMP,
  PRIMARY KEY (`id`)
) ENGINE=InnoDB AUTO_INCREMENT=9 DEFAULT CHARSET=utf8mb4 COLLATE=utf8mb4_turkish_ci;
/*!40101 SET character_set_client = @saved_cs_client */;

--
-- Dumping data for table `denetim_log`
--

LOCK TABLES `denetim_log` WRITE;
/*!40000 ALTER TABLE `denetim_log` DISABLE KEYS */;
INSERT INTO `denetim_log` VALUES (1,'talepler','UPDATE',1,'Talep için kaynak çıkışı yapıldı, durum KARSILANIYOR.',1,'2026-01-04 17:19:06'),(2,'talepler','UPDATE',1,'Talep için kaynak çıkışı yapıldı, durum KARSILANIYOR.',1,'2026-01-04 17:29:59'),(3,'talepler','UPDATE',1,'Talep için kaynak çıkışı yapıldı, durum KARSILANIYOR.',1,'2026-01-04 17:30:00'),(4,'talepler','UPDATE',1,'Talep için kaynak çıkışı yapıldı, durum KARSILANIYOR.',1,'2026-01-04 17:40:35');
/*!40000 ALTER TABLE `denetim_log` ENABLE KEYS */;
UNLOCK TABLES;

--
-- Table structure for table `gorevlendirmeler`
--

DROP TABLE IF EXISTS `gorevlendirmeler`;
/*!40101 SET @saved_cs_client     = @@character_set_client */;
/*!50503 SET character_set_client = utf8mb4 */;
CREATE TABLE `gorevlendirmeler` (
  `id` int NOT NULL AUTO_INCREMENT,
  `olay_id` int NOT NULL,
  `talep_id` int DEFAULT NULL,
  `gonullu_kullanici_id` int DEFAULT NULL,
  `atayan_kullanici_id` int DEFAULT NULL,
  `baslangic_zamani` datetime DEFAULT NULL,
  `bitis_zamani` datetime DEFAULT NULL,
  `durum` enum('ATANDI','IPTAL','TAMAMLANDI') COLLATE utf8mb4_turkish_ci DEFAULT 'ATANDI',
  `notlar` varchar(255) COLLATE utf8mb4_turkish_ci DEFAULT NULL,
  `created_at` datetime DEFAULT CURRENT_TIMESTAMP,
  `updated_at` datetime DEFAULT CURRENT_TIMESTAMP ON UPDATE CURRENT_TIMESTAMP,
  PRIMARY KEY (`id`),
  KEY `fk_gor_olay` (`olay_id`),
  KEY `fk_gor_talep` (`talep_id`),
  KEY `fk_gor_gonullu` (`gonullu_kullanici_id`),
  KEY `fk_gor_atayan` (`atayan_kullanici_id`),
  CONSTRAINT `fk_gor_atayan` FOREIGN KEY (`atayan_kullanici_id`) REFERENCES `kullanicilar` (`id`) ON DELETE SET NULL,
  CONSTRAINT `fk_gor_gonullu` FOREIGN KEY (`gonullu_kullanici_id`) REFERENCES `kullanicilar` (`id`) ON DELETE SET NULL,
  CONSTRAINT `fk_gor_olay` FOREIGN KEY (`olay_id`) REFERENCES `olaylar` (`id`) ON DELETE CASCADE,
  CONSTRAINT `fk_gor_talep` FOREIGN KEY (`talep_id`) REFERENCES `talepler` (`id`) ON DELETE SET NULL
) ENGINE=InnoDB AUTO_INCREMENT=37 DEFAULT CHARSET=utf8mb4 COLLATE=utf8mb4_turkish_ci;
/*!40101 SET character_set_client = @saved_cs_client */;

--
-- Dumping data for table `gorevlendirmeler`
--

LOCK TABLES `gorevlendirmeler` WRITE;
/*!40000 ALTER TABLE `gorevlendirmeler` DISABLE KEYS */;
INSERT INTO `gorevlendirmeler` VALUES (1,1,1,1,1,'2025-12-21 01:14:36',NULL,'TAMAMLANDI','Not 1','2025-12-21 01:14:36','2026-01-04 17:51:54'),(2,2,2,2,1,'2025-12-21 01:14:36',NULL,'ATANDI','Not 2','2025-12-21 01:14:36','2025-12-21 01:14:36'),(3,3,3,3,1,'2025-12-21 01:14:36',NULL,'TAMAMLANDI','Not 3','2025-12-21 01:14:36','2025-12-21 01:14:36'),(4,4,4,4,1,'2025-12-21 01:14:36',NULL,'ATANDI','Not 4','2025-12-21 01:14:36','2025-12-21 01:14:36'),(5,5,5,5,1,'2025-12-21 01:14:36',NULL,'IPTAL','Not 5','2025-12-21 01:14:36','2025-12-21 01:14:36'),(6,6,6,6,1,'2025-12-21 01:14:36',NULL,'ATANDI','Not 6','2025-12-21 01:14:36','2025-12-21 01:14:36'),(7,7,7,7,1,'2025-12-21 01:14:36',NULL,'ATANDI','Not 7','2025-12-21 01:14:36','2025-12-21 01:14:36'),(8,8,8,8,1,'2025-12-21 01:14:36',NULL,'TAMAMLANDI','Not 8','2025-12-21 01:14:36','2025-12-21 01:14:36'),(9,9,9,9,1,'2025-12-21 01:14:36',NULL,'ATANDI','Not 9','2025-12-21 01:14:36','2025-12-21 01:14:36'),(10,10,10,10,1,'2025-12-21 01:14:36',NULL,'ATANDI','Not 10','2025-12-21 01:14:36','2025-12-21 01:14:36'),(11,11,11,11,1,'2025-12-21 01:14:36',NULL,'IPTAL','Not 11','2025-12-21 01:14:36','2025-12-21 01:14:36'),(12,12,12,12,1,'2025-12-21 01:14:36',NULL,'ATANDI','Not 12','2025-12-21 01:14:36','2025-12-21 01:14:36'),(13,13,13,13,1,'2025-12-21 01:14:36',NULL,'ATANDI','Not 13','2025-12-21 01:14:36','2025-12-21 01:14:36'),(14,14,14,14,1,'2025-12-21 01:14:36',NULL,'TAMAMLANDI','Not 14','2025-12-21 01:14:36','2025-12-21 01:14:36'),(15,15,15,15,1,'2025-12-21 01:14:36',NULL,'ATANDI','Not 15','2025-12-21 01:14:36','2025-12-21 01:14:36'),(16,16,16,16,1,'2025-12-21 01:14:36',NULL,'ATANDI','Not 16','2025-12-21 01:14:36','2025-12-21 01:14:36'),(17,17,17,17,1,'2025-12-21 01:14:36',NULL,'IPTAL','Not 17','2025-12-21 01:14:36','2025-12-21 01:14:36'),(18,18,18,18,1,'2025-12-21 01:14:36',NULL,'ATANDI','Not 18','2025-12-21 01:14:36','2025-12-21 01:14:36'),(19,19,19,19,1,'2025-12-21 01:14:36',NULL,'TAMAMLANDI','Not 19','2025-12-21 01:14:36','2025-12-21 01:14:36'),(20,20,20,20,1,'2025-12-21 01:14:36',NULL,'ATANDI','Not 20','2025-12-21 01:14:36','2025-12-21 01:14:36'),(21,21,21,21,1,'2025-12-21 01:14:36',NULL,'ATANDI','Not 21','2025-12-21 01:14:36','2025-12-21 01:14:36'),(22,22,22,22,1,'2025-12-21 01:14:36',NULL,'TAMAMLANDI','Not 22','2025-12-21 01:14:36','2025-12-21 01:14:36'),(23,23,23,23,1,'2025-12-21 01:14:36',NULL,'ATANDI','Not 23','2025-12-21 01:14:36','2025-12-21 01:14:36'),(24,24,24,24,1,'2025-12-21 01:14:36',NULL,'ATANDI','Not 24','2025-12-21 01:14:36','2025-12-21 01:14:36'),(25,25,25,25,1,'2025-12-21 01:14:36',NULL,'IPTAL','Not 25','2025-12-21 01:14:36','2025-12-21 01:14:36'),(26,26,26,26,1,'2025-12-21 01:14:36',NULL,'ATANDI','Not 26','2025-12-21 01:14:36','2025-12-21 01:14:36'),(27,27,27,27,1,'2025-12-21 01:14:36',NULL,'TAMAMLANDI','Not 27','2025-12-21 01:14:36','2025-12-21 01:14:36'),(28,28,28,28,1,'2025-12-21 01:14:36',NULL,'ATANDI','Not 28','2025-12-21 01:14:36','2025-12-21 01:14:36'),(29,29,29,29,1,'2025-12-21 01:14:36',NULL,'ATANDI','Not 29','2025-12-21 01:14:36','2025-12-21 01:14:36'),(30,30,30,30,1,'2025-12-21 01:14:36',NULL,'TAMAMLANDI','Not 30','2025-12-21 01:14:36','2025-12-21 01:14:36'),(31,1,1,1,1,'2026-01-04 18:44:08',NULL,'ATANDI','Test atama','2026-01-04 18:44:08','2026-01-04 18:44:08'),(32,1,1,3,1,'2026-01-04 21:04:34',NULL,'ATANDI',NULL,'2026-01-04 21:04:34','2026-01-04 21:04:34'),(33,1,1,5,1,'2026-01-04 21:05:44',NULL,'ATANDI',NULL,'2026-01-04 21:05:44','2026-01-04 21:05:44'),(34,1,1,8,1,'2026-01-04 21:05:58',NULL,'ATANDI',NULL,'2026-01-04 21:05:58','2026-01-04 21:05:58'),(35,1,1,11,1,'2026-01-04 21:06:19',NULL,'ATANDI',NULL,'2026-01-04 21:06:19','2026-01-04 21:06:19'),(36,1,1,17,1,'2026-01-04 21:06:33',NULL,'ATANDI',NULL,'2026-01-04 21:06:33','2026-01-04 21:06:33');
/*!40000 ALTER TABLE `gorevlendirmeler` ENABLE KEYS */;
UNLOCK TABLES;

--
-- Table structure for table `kaynak_hareketleri`
--

DROP TABLE IF EXISTS `kaynak_hareketleri`;
/*!40101 SET @saved_cs_client     = @@character_set_client */;
/*!50503 SET character_set_client = utf8mb4 */;
CREATE TABLE `kaynak_hareketleri` (
  `id` int NOT NULL AUTO_INCREMENT,
  `kaynak_id` int NOT NULL,
  `hareket_turu` enum('GIRIS','CIKIS') COLLATE utf8mb4_turkish_ci NOT NULL,
  `miktar` int NOT NULL,
  `ilgili_olay_id` int DEFAULT NULL,
  `ilgili_talep_id` int DEFAULT NULL,
  `yapan_kullanici_id` int DEFAULT NULL,
  `created_at` datetime DEFAULT CURRENT_TIMESTAMP,
  PRIMARY KEY (`id`),
  KEY `fk_kh_kaynak` (`kaynak_id`),
  KEY `fk_kh_olay` (`ilgili_olay_id`),
  KEY `fk_kh_talep` (`ilgili_talep_id`),
  KEY `fk_kh_kullanici` (`yapan_kullanici_id`),
  CONSTRAINT `fk_kh_kaynak` FOREIGN KEY (`kaynak_id`) REFERENCES `kaynaklar` (`id`) ON DELETE CASCADE,
  CONSTRAINT `fk_kh_kullanici` FOREIGN KEY (`yapan_kullanici_id`) REFERENCES `kullanicilar` (`id`) ON DELETE SET NULL,
  CONSTRAINT `fk_kh_olay` FOREIGN KEY (`ilgili_olay_id`) REFERENCES `olaylar` (`id`) ON DELETE SET NULL,
  CONSTRAINT `fk_kh_talep` FOREIGN KEY (`ilgili_talep_id`) REFERENCES `talepler` (`id`) ON DELETE SET NULL,
  CONSTRAINT `kaynak_hareketleri_chk_1` CHECK ((`miktar` > 0))
) ENGINE=InnoDB AUTO_INCREMENT=66 DEFAULT CHARSET=utf8mb4 COLLATE=utf8mb4_turkish_ci;
/*!40101 SET character_set_client = @saved_cs_client */;

--
-- Dumping data for table `kaynak_hareketleri`
--

LOCK TABLES `kaynak_hareketleri` WRITE;
/*!40000 ALTER TABLE `kaynak_hareketleri` DISABLE KEYS */;
INSERT INTO `kaynak_hareketleri` VALUES (1,1,'GIRIS',2,1,1,1,'2025-12-21 01:14:36'),(2,2,'CIKIS',1,2,2,1,'2025-12-21 01:14:36'),(3,3,'GIRIS',3,3,3,1,'2025-12-21 01:14:36'),(4,4,'CIKIS',2,4,4,1,'2025-12-21 01:14:36'),(5,5,'GIRIS',1,5,5,1,'2025-12-21 01:14:36'),(6,6,'CIKIS',4,6,6,1,'2025-12-21 01:14:36'),(7,7,'GIRIS',2,7,7,1,'2025-12-21 01:14:36'),(8,8,'CIKIS',3,8,8,1,'2025-12-21 01:14:36'),(9,9,'GIRIS',1,9,9,1,'2025-12-21 01:14:36'),(10,10,'CIKIS',2,10,10,1,'2025-12-21 01:14:36'),(11,11,'GIRIS',3,11,11,1,'2025-12-21 01:14:36'),(12,12,'CIKIS',1,12,12,1,'2025-12-21 01:14:36'),(13,13,'GIRIS',2,13,13,1,'2025-12-21 01:14:36'),(14,14,'CIKIS',4,14,14,1,'2025-12-21 01:14:36'),(15,15,'GIRIS',1,15,15,1,'2025-12-21 01:14:36'),(16,16,'CIKIS',2,16,16,1,'2025-12-21 01:14:36'),(17,17,'GIRIS',3,17,17,1,'2025-12-21 01:14:36'),(18,18,'CIKIS',1,18,18,1,'2025-12-21 01:14:36'),(19,19,'GIRIS',2,19,19,1,'2025-12-21 01:14:36'),(20,20,'CIKIS',3,20,20,1,'2025-12-21 01:14:36'),(21,21,'GIRIS',1,21,21,1,'2025-12-21 01:14:36'),(22,22,'CIKIS',2,22,22,1,'2025-12-21 01:14:36'),(23,23,'GIRIS',4,23,23,1,'2025-12-21 01:14:36'),(24,24,'CIKIS',1,24,24,1,'2025-12-21 01:14:36'),(25,25,'GIRIS',2,25,25,1,'2025-12-21 01:14:36'),(26,26,'CIKIS',3,26,26,1,'2025-12-21 01:14:36'),(27,27,'GIRIS',1,27,27,1,'2025-12-21 01:14:36'),(28,28,'CIKIS',2,28,28,1,'2025-12-21 01:14:36'),(29,29,'GIRIS',3,29,29,1,'2025-12-21 01:14:36'),(30,30,'CIKIS',1,30,30,1,'2025-12-21 01:14:36'),(31,1,'CIKIS',5,1,1,1,'2026-01-04 17:10:37'),(32,1,'CIKIS',5,1,1,1,'2026-01-04 17:10:37'),(33,1,'CIKIS',5,1,1,1,'2026-01-04 17:10:47'),(34,1,'CIKIS',5,1,1,1,'2026-01-04 17:10:48'),(35,1,'CIKIS',5,1,1,1,'2026-01-04 17:12:02'),(36,1,'CIKIS',5,1,1,1,'2026-01-04 17:12:02'),(37,1,'CIKIS',5,1,1,1,'2026-01-04 17:12:06'),(38,1,'CIKIS',5,1,1,1,'2026-01-04 17:12:06'),(39,1,'CIKIS',5,1,1,1,'2026-01-04 17:12:36'),(40,1,'CIKIS',5,1,1,1,'2026-01-04 17:12:37'),(41,1,'CIKIS',5,1,1,1,'2026-01-04 17:12:37'),(42,1,'CIKIS',5,1,1,1,'2026-01-04 17:12:38'),(43,1,'CIKIS',5,1,1,1,'2026-01-04 17:13:04'),(44,1,'CIKIS',5,1,1,1,'2026-01-04 17:13:12'),(45,1,'CIKIS',5,1,1,1,'2026-01-04 17:14:31'),(46,1,'CIKIS',5,1,1,1,'2026-01-04 17:15:23'),(47,1,'CIKIS',5,1,1,1,'2026-01-04 17:15:24'),(48,1,'CIKIS',5,1,1,1,'2026-01-04 17:15:25'),(49,1,'CIKIS',5,1,1,1,'2026-01-04 17:15:33'),(50,1,'CIKIS',5,1,1,1,'2026-01-04 17:15:33'),(51,1,'CIKIS',5,1,1,1,'2026-01-04 17:15:34'),(52,1,'CIKIS',5,1,1,1,'2026-01-04 17:15:34'),(53,1,'CIKIS',5,1,1,1,'2026-01-04 17:15:34'),(54,1,'CIKIS',5,1,1,1,'2026-01-04 17:15:34'),(55,1,'CIKIS',5,1,1,1,'2026-01-04 17:15:35'),(56,1,'CIKIS',5,1,1,1,'2026-01-04 17:15:38'),(57,1,'CIKIS',5,1,1,1,'2026-01-04 17:16:14'),(58,1,'CIKIS',5,1,1,1,'2026-01-04 17:19:06'),(59,1,'CIKIS',5,1,1,1,'2026-01-04 17:29:59'),(60,1,'CIKIS',5,1,1,1,'2026-01-04 17:30:00'),(61,1,'CIKIS',5,1,1,1,'2026-01-04 17:40:35'),(62,1,'CIKIS',5,1,1,1,'2026-01-04 21:17:14'),(63,1,'CIKIS',1,1,1,1,'2026-01-04 21:23:09'),(64,1,'CIKIS',5,1,1,1,'2026-01-04 21:24:02'),(65,1,'CIKIS',5,4,1,1,'2026-01-04 21:24:21');
/*!40000 ALTER TABLE `kaynak_hareketleri` ENABLE KEYS */;
UNLOCK TABLES;

--
-- Table structure for table `kaynak_stoklari`
--

DROP TABLE IF EXISTS `kaynak_stoklari`;
/*!40101 SET @saved_cs_client     = @@character_set_client */;
/*!50503 SET character_set_client = utf8mb4 */;
CREATE TABLE `kaynak_stoklari` (
  `id` int NOT NULL AUTO_INCREMENT,
  `kaynak_id` int NOT NULL,
  `miktar` int NOT NULL,
  `kritik_seviye` int DEFAULT '0',
  `updated_at` datetime DEFAULT CURRENT_TIMESTAMP ON UPDATE CURRENT_TIMESTAMP,
  PRIMARY KEY (`id`),
  UNIQUE KEY `kaynak_id` (`kaynak_id`),
  CONSTRAINT `fk_stok_kaynak` FOREIGN KEY (`kaynak_id`) REFERENCES `kaynaklar` (`id`) ON DELETE CASCADE,
  CONSTRAINT `kaynak_stoklari_chk_1` CHECK ((`miktar` >= 0))
) ENGINE=InnoDB AUTO_INCREMENT=31 DEFAULT CHARSET=utf8mb4 COLLATE=utf8mb4_turkish_ci;
/*!40101 SET character_set_client = @saved_cs_client */;

--
-- Dumping data for table `kaynak_stoklari`
--

LOCK TABLES `kaynak_stoklari` WRITE;
/*!40000 ALTER TABLE `kaynak_stoklari` DISABLE KEYS */;
INSERT INTO `kaynak_stoklari` VALUES (1,1,70,20,'2025-12-21 01:14:36'),(2,2,72,20,'2025-12-21 01:14:36'),(3,3,74,20,'2025-12-21 01:14:36'),(4,4,76,20,'2025-12-21 01:14:36'),(5,5,78,20,'2025-12-21 01:14:36'),(6,6,80,20,'2025-12-21 01:14:36'),(7,7,82,20,'2025-12-21 01:14:36'),(8,8,84,20,'2025-12-21 01:14:36'),(9,9,86,20,'2025-12-21 01:14:36'),(10,10,88,20,'2025-12-21 01:14:36'),(11,11,90,20,'2025-12-21 01:14:36'),(12,12,92,20,'2025-12-21 01:14:36'),(13,13,94,20,'2025-12-21 01:14:36'),(14,14,96,20,'2025-12-21 01:14:36'),(15,15,98,20,'2025-12-21 01:14:36'),(16,16,100,20,'2025-12-21 01:14:36'),(17,17,102,20,'2025-12-21 01:14:36'),(18,18,104,20,'2025-12-21 01:14:36'),(19,19,106,20,'2025-12-21 01:14:36'),(20,20,108,20,'2025-12-21 01:14:36'),(21,21,110,20,'2025-12-21 01:14:36'),(22,22,112,20,'2025-12-21 01:14:36'),(23,23,114,20,'2025-12-21 01:14:36'),(24,24,116,20,'2025-12-21 01:14:36'),(25,25,118,20,'2025-12-21 01:14:36'),(26,26,120,20,'2025-12-21 01:14:36'),(27,27,122,20,'2025-12-21 01:14:36'),(28,28,124,20,'2025-12-21 01:14:36'),(29,29,126,20,'2025-12-21 01:14:36'),(30,30,128,20,'2025-12-21 01:14:36');
/*!40000 ALTER TABLE `kaynak_stoklari` ENABLE KEYS */;
UNLOCK TABLES;

--
-- Table structure for table `kaynaklar`
--

DROP TABLE IF EXISTS `kaynaklar`;
/*!40101 SET @saved_cs_client     = @@character_set_client */;
/*!50503 SET character_set_client = utf8mb4 */;
CREATE TABLE `kaynaklar` (
  `id` int NOT NULL AUTO_INCREMENT,
  `ad` varchar(100) COLLATE utf8mb4_turkish_ci NOT NULL,
  `kategori` enum('GIDA','BARINMA','SAGLIK','LOJISTIK','DIGER') COLLATE utf8mb4_turkish_ci NOT NULL,
  `birim` varchar(20) COLLATE utf8mb4_turkish_ci DEFAULT 'adet',
  `aktif_mi` tinyint DEFAULT '1',
  `created_at` datetime DEFAULT CURRENT_TIMESTAMP,
  `updated_at` datetime DEFAULT CURRENT_TIMESTAMP ON UPDATE CURRENT_TIMESTAMP,
  PRIMARY KEY (`id`),
  UNIQUE KEY `ad` (`ad`)
) ENGINE=InnoDB AUTO_INCREMENT=122 DEFAULT CHARSET=utf8mb4 COLLATE=utf8mb4_turkish_ci;
/*!40101 SET character_set_client = @saved_cs_client */;

--
-- Dumping data for table `kaynaklar`
--

LOCK TABLES `kaynaklar` WRITE;
/*!40000 ALTER TABLE `kaynaklar` DISABLE KEYS */;
INSERT INTO `kaynaklar` VALUES (1,'Kaynak 1','GIDA','adet',1,'2025-12-21 01:14:36','2025-12-21 01:14:36'),(2,'Kaynak 2','BARINMA','adet',1,'2025-12-21 01:14:36','2025-12-21 01:14:36'),(3,'Kaynak 3','SAGLIK','adet',1,'2025-12-21 01:14:36','2025-12-21 01:14:36'),(4,'Kaynak 4','LOJISTIK','adet',1,'2025-12-21 01:14:36','2025-12-21 01:14:36'),(5,'Kaynak 5','GIDA','adet',1,'2025-12-21 01:14:36','2025-12-21 01:14:36'),(6,'Kaynak 6','BARINMA','adet',1,'2025-12-21 01:14:36','2025-12-21 01:14:36'),(7,'Kaynak 7','SAGLIK','adet',1,'2025-12-21 01:14:36','2025-12-21 01:14:36'),(8,'Kaynak 8','LOJISTIK','adet',1,'2025-12-21 01:14:36','2025-12-21 01:14:36'),(9,'Kaynak 9','GIDA','adet',1,'2025-12-21 01:14:36','2025-12-21 01:14:36'),(10,'Kaynak 10','BARINMA','adet',1,'2025-12-21 01:14:36','2025-12-21 01:14:36'),(11,'Kaynak 11','SAGLIK','adet',1,'2025-12-21 01:14:36','2025-12-21 01:14:36'),(12,'Kaynak 12','LOJISTIK','adet',1,'2025-12-21 01:14:36','2025-12-21 01:14:36'),(13,'Kaynak 13','GIDA','adet',1,'2025-12-21 01:14:36','2025-12-21 01:14:36'),(14,'Kaynak 14','BARINMA','adet',1,'2025-12-21 01:14:36','2025-12-21 01:14:36'),(15,'Kaynak 15','SAGLIK','adet',1,'2025-12-21 01:14:36','2025-12-21 01:14:36'),(16,'Kaynak 16','LOJISTIK','adet',1,'2025-12-21 01:14:36','2025-12-21 01:14:36'),(17,'Kaynak 17','GIDA','adet',1,'2025-12-21 01:14:36','2025-12-21 01:14:36'),(18,'Kaynak 18','BARINMA','adet',1,'2025-12-21 01:14:36','2025-12-21 01:14:36'),(19,'Kaynak 19','SAGLIK','adet',1,'2025-12-21 01:14:36','2025-12-21 01:14:36'),(20,'Kaynak 20','LOJISTIK','adet',1,'2025-12-21 01:14:36','2025-12-21 01:14:36'),(21,'Kaynak 21','GIDA','adet',1,'2025-12-21 01:14:36','2025-12-21 01:14:36'),(22,'Kaynak 22','BARINMA','adet',1,'2025-12-21 01:14:36','2025-12-21 01:14:36'),(23,'Kaynak 23','SAGLIK','adet',1,'2025-12-21 01:14:36','2025-12-21 01:14:36'),(24,'Kaynak 24','LOJISTIK','adet',1,'2025-12-21 01:14:36','2025-12-21 01:14:36'),(25,'Kaynak 25','GIDA','adet',1,'2025-12-21 01:14:36','2025-12-21 01:14:36'),(26,'Kaynak 26','BARINMA','adet',1,'2025-12-21 01:14:36','2025-12-21 01:14:36'),(27,'Kaynak 27','SAGLIK','adet',1,'2025-12-21 01:14:36','2025-12-21 01:14:36'),(28,'Kaynak 28','LOJISTIK','adet',1,'2025-12-21 01:14:36','2025-12-21 01:14:36'),(29,'Kaynak 29','GIDA','adet',1,'2025-12-21 01:14:36','2025-12-21 01:14:36'),(30,'Kaynak 30','BARINMA','adet',1,'2025-12-21 01:14:36','2025-12-21 01:14:36');
/*!40000 ALTER TABLE `kaynaklar` ENABLE KEYS */;
UNLOCK TABLES;

--
-- Table structure for table `kullanicilar`
--

DROP TABLE IF EXISTS `kullanicilar`;
/*!40101 SET @saved_cs_client     = @@character_set_client */;
/*!50503 SET character_set_client = utf8mb4 */;
CREATE TABLE `kullanicilar` (
  `id` int NOT NULL AUTO_INCREMENT,
  `rol_id` int NOT NULL,
  `ad_soyad` varchar(100) COLLATE utf8mb4_turkish_ci NOT NULL,
  `email` varchar(100) COLLATE utf8mb4_turkish_ci NOT NULL,
  `telefon` varchar(20) COLLATE utf8mb4_turkish_ci DEFAULT NULL,
  `sifre_hash` varchar(255) COLLATE utf8mb4_turkish_ci NOT NULL,
  `uygunluk` enum('MUSAIT','MESGUL','BILINMIYOR') COLLATE utf8mb4_turkish_ci DEFAULT 'BILINMIYOR',
  `aktif_mi` tinyint DEFAULT '1',
  `created_at` datetime DEFAULT CURRENT_TIMESTAMP,
  `updated_at` datetime DEFAULT CURRENT_TIMESTAMP ON UPDATE CURRENT_TIMESTAMP,
  PRIMARY KEY (`id`),
  UNIQUE KEY `email` (`email`),
  KEY `fk_kullanici_rol` (`rol_id`),
  CONSTRAINT `fk_kullanici_rol` FOREIGN KEY (`rol_id`) REFERENCES `roller` (`id`)
) ENGINE=InnoDB AUTO_INCREMENT=305 DEFAULT CHARSET=utf8mb4 COLLATE=utf8mb4_turkish_ci;
/*!40101 SET character_set_client = @saved_cs_client */;

--
-- Dumping data for table `kullanicilar`
--

LOCK TABLES `kullanicilar` WRITE;
/*!40000 ALTER TABLE `kullanicilar` DISABLE KEYS */;
INSERT INTO `kullanicilar` VALUES (1,1,'Ahmet Yilmaz','gonullu1@mail.com','0555000001','HASH1','MUSAIT',1,'2025-12-21 01:14:36','2025-12-21 01:14:36'),(2,1,'Ayse Demir','gonullu2@mail.com','0555000002','HASH2','MESGUL',1,'2025-12-21 01:14:36','2025-12-21 01:14:36'),(3,1,'Mehmet Kaya','gonullu3@mail.com','0555000003','HASH3','BILINMIYOR',1,'2025-12-21 01:14:36','2025-12-21 01:14:36'),(4,1,'Zeynep Celik','gonullu4@mail.com','0555000004','HASH4','MUSAIT',1,'2025-12-21 01:14:36','2025-12-21 01:14:36'),(5,1,'Ali Aydin','gonullu5@mail.com','0555000005','HASH5','MESGUL',1,'2025-12-21 01:14:36','2025-12-21 01:14:36'),(6,1,'Elif Arslan','gonullu6@mail.com','0555000006','HASH6','MUSAIT',1,'2025-12-21 01:14:36','2025-12-21 01:14:36'),(7,1,'Burak Koc','gonullu7@mail.com','0555000007','HASH7','BILINMIYOR',1,'2025-12-21 01:14:36','2025-12-21 01:14:36'),(8,1,'Deniz Oz','gonullu8@mail.com','0555000008','HASH8','MUSAIT',1,'2025-12-21 01:14:36','2025-12-21 01:14:36'),(9,1,'Can Kurt','gonullu9@mail.com','0555000009','HASH9','MESGUL',1,'2025-12-21 01:14:36','2025-12-21 01:14:36'),(10,1,'Selin Gunes','gonullu10@mail.com','0555000010','HASH10','MUSAIT',1,'2025-12-21 01:14:36','2025-12-21 01:14:36'),(11,1,'Mert Polat','gonullu11@mail.com','0555000011','HASH11','BILINMIYOR',1,'2025-12-21 01:14:36','2025-12-21 01:14:36'),(12,1,'Ece Sari','gonullu12@mail.com','0555000012','HASH12','MUSAIT',1,'2025-12-21 01:14:36','2025-12-21 01:14:36'),(13,1,'Emre Tas','gonullu13@mail.com','0555000013','HASH13','MESGUL',1,'2025-12-21 01:14:36','2025-12-21 01:14:36'),(14,1,'Ceren Ak','gonullu14@mail.com','0555000014','HASH14','MUSAIT',1,'2025-12-21 01:14:36','2025-12-21 01:14:36'),(15,1,'Hakan Boz','gonullu15@mail.com','0555000015','HASH15','BILINMIYOR',1,'2025-12-21 01:14:36','2025-12-21 01:14:36'),(16,1,'Irem Yuce','gonullu16@mail.com','0555000016','HASH16','MUSAIT',1,'2025-12-21 01:14:36','2025-12-21 01:14:36'),(17,1,'Kerem Unal','gonullu17@mail.com','0555000017','HASH17','MESGUL',1,'2025-12-21 01:14:36','2025-12-21 01:14:36'),(18,1,'Nazli Simsek','gonullu18@mail.com','0555000018','HASH18','MUSAIT',1,'2025-12-21 01:14:36','2025-12-21 01:14:36'),(19,1,'Okan Eren','gonullu19@mail.com','0555000019','HASH19','BILINMIYOR',1,'2025-12-21 01:14:36','2025-12-21 01:14:36'),(20,1,'Pelin Duman','gonullu20@mail.com','0555000020','HASH20','MUSAIT',1,'2025-12-21 01:14:36','2025-12-21 01:14:36'),(21,1,'Furkan Kar','gonullu21@mail.com','0555000021','HASH21','MESGUL',1,'2025-12-21 01:14:36','2025-12-21 01:14:36'),(22,1,'Buse Yaman','gonullu22@mail.com','0555000022','HASH22','MUSAIT',1,'2025-12-21 01:14:36','2025-12-21 01:14:36'),(23,1,'Serkan Kaplan','gonullu23@mail.com','0555000023','HASH23','BILINMIYOR',1,'2025-12-21 01:14:36','2025-12-21 01:14:36'),(24,1,'Derya Aslan','gonullu24@mail.com','0555000024','HASH24','MUSAIT',1,'2025-12-21 01:14:36','2025-12-21 01:14:36'),(25,1,'Ugur Kiran','gonullu25@mail.com','0555000025','HASH25','MESGUL',1,'2025-12-21 01:14:36','2025-12-21 01:14:36'),(26,1,'Esra Gok','gonullu26@mail.com','0555000026','HASH26','MUSAIT',1,'2025-12-21 01:14:36','2025-12-21 01:14:36'),(27,1,'Onur Bal','gonullu27@mail.com','0555000027','HASH27','BILINMIYOR',1,'2025-12-21 01:14:36','2025-12-21 01:14:36'),(28,1,'Gamze Ekin','gonullu28@mail.com','0555000028','HASH28','MUSAIT',1,'2025-12-21 01:14:36','2025-12-21 01:14:36'),(29,1,'Tolga Sezer','gonullu29@mail.com','0555000029','HASH29','MESGUL',1,'2025-12-21 01:14:36','2025-12-21 01:14:36'),(30,1,'Sude Karaca','gonullu30@mail.com','0555000030','HASH30','MUSAIT',1,'2025-12-21 01:14:36','2025-12-21 01:14:36');
/*!40000 ALTER TABLE `kullanicilar` ENABLE KEYS */;
UNLOCK TABLES;

--
-- Table structure for table `olaylar`
--

DROP TABLE IF EXISTS `olaylar`;
/*!40101 SET @saved_cs_client     = @@character_set_client */;
/*!50503 SET character_set_client = utf8mb4 */;
CREATE TABLE `olaylar` (
  `id` int NOT NULL AUTO_INCREMENT,
  `baslik` varchar(150) COLLATE utf8mb4_turkish_ci NOT NULL,
  `olay_turu` varchar(50) COLLATE utf8mb4_turkish_ci NOT NULL,
  `siddet` enum('DUSUK','ORTA','YUKSEK','KRITIK') COLLATE utf8mb4_turkish_ci NOT NULL,
  `adres` varchar(255) COLLATE utf8mb4_turkish_ci DEFAULT NULL,
  `durum` enum('AKTIF','KONTROL_ALTINDA','SONLANDIRILDI') COLLATE utf8mb4_turkish_ci DEFAULT 'AKTIF',
  `baslangic_zamani` datetime NOT NULL,
  `bitis_zamani` datetime DEFAULT NULL,
  `olusturan_kullanici_id` int DEFAULT NULL,
  `created_at` datetime DEFAULT CURRENT_TIMESTAMP,
  `updated_at` datetime DEFAULT CURRENT_TIMESTAMP ON UPDATE CURRENT_TIMESTAMP,
  PRIMARY KEY (`id`),
  KEY `fk_olay_kullanici` (`olusturan_kullanici_id`),
  CONSTRAINT `fk_olay_kullanici` FOREIGN KEY (`olusturan_kullanici_id`) REFERENCES `kullanicilar` (`id`) ON DELETE SET NULL
) ENGINE=InnoDB AUTO_INCREMENT=152 DEFAULT CHARSET=utf8mb4 COLLATE=utf8mb4_turkish_ci;
/*!40101 SET character_set_client = @saved_cs_client */;

--
-- Dumping data for table `olaylar`
--

LOCK TABLES `olaylar` WRITE;
/*!40000 ALTER TABLE `olaylar` DISABLE KEYS */;
INSERT INTO `olaylar` VALUES (1,'Olay 1','SEL','ORTA','Adres 1','AKTIF','2025-12-20 01:14:36',NULL,1,'2025-12-21 01:14:36','2025-12-21 01:14:36'),(2,'Olay 2','YANGIN','YUKSEK','Adres 2','AKTIF','2025-12-19 01:14:36',NULL,2,'2025-12-21 01:14:36','2025-12-21 01:14:36'),(3,'Olay 3','DEPREM','KRITIK','Adres 3','KONTROL_ALTINDA','2025-12-18 01:14:36',NULL,3,'2025-12-21 01:14:36','2025-12-21 01:14:36'),(4,'Olay 4','SEL','DUSUK','Adres 4','AKTIF','2025-12-17 01:14:36',NULL,4,'2025-12-21 01:14:36','2025-12-21 01:14:36'),(5,'Olay 5','YANGIN','ORTA','Adres 5','SONLANDIRILDI','2025-12-16 01:14:36',NULL,5,'2025-12-21 01:14:36','2025-12-21 01:14:36'),(6,'Olay 6','DEPREM','YUKSEK','Adres 6','AKTIF','2025-12-15 01:14:36',NULL,6,'2025-12-21 01:14:36','2025-12-21 01:14:36'),(7,'Olay 7','SEL','ORTA','Adres 7','AKTIF','2025-12-14 01:14:36',NULL,7,'2025-12-21 01:14:36','2025-12-21 01:14:36'),(8,'Olay 8','YANGIN','KRITIK','Adres 8','KONTROL_ALTINDA','2025-12-13 01:14:36',NULL,8,'2025-12-21 01:14:36','2025-12-21 01:14:36'),(9,'Olay 9','DEPREM','DUSUK','Adres 9','AKTIF','2025-12-12 01:14:36',NULL,9,'2025-12-21 01:14:36','2025-12-21 01:14:36'),(10,'Olay 10','SEL','YUKSEK','Adres 10','AKTIF','2025-12-11 01:14:36',NULL,10,'2025-12-21 01:14:36','2025-12-21 01:14:36'),(11,'Olay 11','YANGIN','ORTA','Adres 11','AKTIF','2025-12-10 01:14:36',NULL,11,'2025-12-21 01:14:36','2025-12-21 01:14:36'),(12,'Olay 12','DEPREM','KRITIK','Adres 12','KONTROL_ALTINDA','2025-12-09 01:14:36',NULL,12,'2025-12-21 01:14:36','2025-12-21 01:14:36'),(13,'Olay 13','SEL','DUSUK','Adres 13','AKTIF','2025-12-08 01:14:36',NULL,13,'2025-12-21 01:14:36','2025-12-21 01:14:36'),(14,'Olay 14','YANGIN','YUKSEK','Adres 14','AKTIF','2025-12-07 01:14:36',NULL,14,'2025-12-21 01:14:36','2025-12-21 01:14:36'),(15,'Olay 15','DEPREM','ORTA','Adres 15','SONLANDIRILDI','2025-12-06 01:14:36',NULL,15,'2025-12-21 01:14:36','2025-12-21 01:14:36'),(16,'Olay 16','SEL','KRITIK','Adres 16','AKTIF','2025-12-05 01:14:36',NULL,16,'2025-12-21 01:14:36','2025-12-21 01:14:36'),(17,'Olay 17','YANGIN','DUSUK','Adres 17','AKTIF','2025-12-04 01:14:36',NULL,17,'2025-12-21 01:14:36','2025-12-21 01:14:36'),(18,'Olay 18','DEPREM','YUKSEK','Adres 18','KONTROL_ALTINDA','2025-12-03 01:14:36',NULL,18,'2025-12-21 01:14:36','2025-12-21 01:14:36'),(19,'Olay 19','SEL','ORTA','Adres 19','AKTIF','2025-12-02 01:14:36',NULL,19,'2025-12-21 01:14:36','2025-12-21 01:14:36'),(20,'Olay 20','YANGIN','KRITIK','Adres 20','AKTIF','2025-12-01 01:14:36',NULL,20,'2025-12-21 01:14:36','2025-12-21 01:14:36'),(21,'Olay 21','DEPREM','DUSUK','Adres 21','AKTIF','2025-11-30 01:14:36',NULL,21,'2025-12-21 01:14:36','2025-12-21 01:14:36'),(22,'Olay 22','SEL','YUKSEK','Adres 22','AKTIF','2025-11-29 01:14:36',NULL,22,'2025-12-21 01:14:36','2025-12-21 01:14:36'),(23,'Olay 23','YANGIN','ORTA','Adres 23','KONTROL_ALTINDA','2025-11-28 01:14:36',NULL,23,'2025-12-21 01:14:36','2025-12-21 01:14:36'),(24,'Olay 24','DEPREM','KRITIK','Adres 24','AKTIF','2025-11-27 01:14:36',NULL,24,'2025-12-21 01:14:36','2025-12-21 01:14:36'),(25,'Olay 25','SEL','DUSUK','Adres 25','SONLANDIRILDI','2025-11-26 01:14:36',NULL,25,'2025-12-21 01:14:36','2025-12-21 01:14:36'),(26,'Olay 26','YANGIN','YUKSEK','Adres 26','AKTIF','2025-11-25 01:14:36',NULL,26,'2025-12-21 01:14:36','2025-12-21 01:14:36'),(27,'Olay 27','DEPREM','ORTA','Adres 27','AKTIF','2025-11-24 01:14:36',NULL,27,'2025-12-21 01:14:36','2025-12-21 01:14:36'),(28,'Olay 28','SEL','KRITIK','Adres 28','KONTROL_ALTINDA','2025-11-23 01:14:36',NULL,28,'2025-12-21 01:14:36','2025-12-21 01:14:36'),(29,'Olay 29','YANGIN','DUSUK','Adres 29','AKTIF','2025-11-22 01:14:36',NULL,29,'2025-12-21 01:14:36','2025-12-21 01:14:36'),(30,'Olay 30','DEPREM','YUKSEK','Adres 30','AKTIF','2025-11-21 01:14:36',NULL,30,'2025-12-21 01:14:36','2025-12-21 01:14:36'),(31,'Ek Olay X','DEPREM','YUKSEK','Ek Olay Adresi X','AKTIF','2025-12-27 15:01:59',NULL,1,'2025-12-27 15:01:59','2025-12-27 15:01:59'),(32,'Olay 1','SEL','ORTA','Adres 1','AKTIF','2025-12-26 15:16:40',NULL,1,'2025-12-27 15:16:40','2025-12-27 15:16:40'),(33,'Olay 2','YANGIN','YUKSEK','Adres 2','AKTIF','2025-12-25 15:16:40',NULL,2,'2025-12-27 15:16:40','2025-12-27 15:16:40'),(34,'Olay 3','DEPREM','KRITIK','Adres 3','KONTROL_ALTINDA','2025-12-24 15:16:40',NULL,3,'2025-12-27 15:16:40','2025-12-27 15:16:40'),(35,'Olay 4','SEL','DUSUK','Adres 4','AKTIF','2025-12-23 15:16:40',NULL,4,'2025-12-27 15:16:40','2025-12-27 15:16:40'),(36,'Olay 5','YANGIN','ORTA','Adres 5','SONLANDIRILDI','2025-12-22 15:16:40',NULL,5,'2025-12-27 15:16:40','2025-12-27 15:16:40'),(37,'Olay 6','DEPREM','YUKSEK','Adres 6','AKTIF','2025-12-21 15:16:40',NULL,6,'2025-12-27 15:16:40','2025-12-27 15:16:40'),(38,'Olay 7','SEL','ORTA','Adres 7','AKTIF','2025-12-20 15:16:40',NULL,7,'2025-12-27 15:16:40','2025-12-27 15:16:40'),(39,'Olay 8','YANGIN','KRITIK','Adres 8','KONTROL_ALTINDA','2025-12-19 15:16:40',NULL,8,'2025-12-27 15:16:40','2025-12-27 15:16:40'),(40,'Olay 9','DEPREM','DUSUK','Adres 9','AKTIF','2025-12-18 15:16:40',NULL,9,'2025-12-27 15:16:40','2025-12-27 15:16:40'),(41,'Olay 10','SEL','YUKSEK','Adres 10','AKTIF','2025-12-17 15:16:40',NULL,10,'2025-12-27 15:16:40','2025-12-27 15:16:40'),(42,'Olay 11','YANGIN','ORTA','Adres 11','AKTIF','2025-12-16 15:16:40',NULL,11,'2025-12-27 15:16:40','2025-12-27 15:16:40'),(43,'Olay 12','DEPREM','KRITIK','Adres 12','KONTROL_ALTINDA','2025-12-15 15:16:40',NULL,12,'2025-12-27 15:16:40','2025-12-27 15:16:40'),(44,'Olay 13','SEL','DUSUK','Adres 13','AKTIF','2025-12-14 15:16:40',NULL,13,'2025-12-27 15:16:40','2025-12-27 15:16:40'),(45,'Olay 14','YANGIN','YUKSEK','Adres 14','AKTIF','2025-12-13 15:16:40',NULL,14,'2025-12-27 15:16:40','2025-12-27 15:16:40'),(46,'Olay 15','DEPREM','ORTA','Adres 15','SONLANDIRILDI','2025-12-12 15:16:40',NULL,15,'2025-12-27 15:16:40','2025-12-27 15:16:40'),(47,'Olay 16','SEL','KRITIK','Adres 16','AKTIF','2025-12-11 15:16:40',NULL,16,'2025-12-27 15:16:40','2025-12-27 15:16:40'),(48,'Olay 17','YANGIN','DUSUK','Adres 17','AKTIF','2025-12-10 15:16:40',NULL,17,'2025-12-27 15:16:40','2025-12-27 15:16:40'),(49,'Olay 18','DEPREM','YUKSEK','Adres 18','KONTROL_ALTINDA','2025-12-09 15:16:40',NULL,18,'2025-12-27 15:16:40','2025-12-27 15:16:40'),(50,'Olay 19','SEL','ORTA','Adres 19','AKTIF','2025-12-08 15:16:40',NULL,19,'2025-12-27 15:16:40','2025-12-27 15:16:40'),(51,'Olay 20','YANGIN','KRITIK','Adres 20','AKTIF','2025-12-07 15:16:40',NULL,20,'2025-12-27 15:16:40','2025-12-27 15:16:40'),(52,'Olay 21','DEPREM','DUSUK','Adres 21','AKTIF','2025-12-06 15:16:40',NULL,21,'2025-12-27 15:16:40','2025-12-27 15:16:40'),(53,'Olay 22','SEL','YUKSEK','Adres 22','AKTIF','2025-12-05 15:16:40',NULL,22,'2025-12-27 15:16:40','2025-12-27 15:16:40'),(54,'Olay 23','YANGIN','ORTA','Adres 23','KONTROL_ALTINDA','2025-12-04 15:16:40',NULL,23,'2025-12-27 15:16:40','2025-12-27 15:16:40'),(55,'Olay 24','DEPREM','KRITIK','Adres 24','AKTIF','2025-12-03 15:16:40',NULL,24,'2025-12-27 15:16:40','2025-12-27 15:16:40'),(56,'Olay 25','SEL','DUSUK','Adres 25','SONLANDIRILDI','2025-12-02 15:16:40',NULL,25,'2025-12-27 15:16:40','2025-12-27 15:16:40'),(57,'Olay 26','YANGIN','YUKSEK','Adres 26','AKTIF','2025-12-01 15:16:40',NULL,26,'2025-12-27 15:16:40','2025-12-27 15:16:40'),(58,'Olay 27','DEPREM','ORTA','Adres 27','AKTIF','2025-11-30 15:16:40',NULL,27,'2025-12-27 15:16:40','2025-12-27 15:16:40'),(59,'Olay 28','SEL','KRITIK','Adres 28','KONTROL_ALTINDA','2025-11-29 15:16:40',NULL,28,'2025-12-27 15:16:40','2025-12-27 15:16:40'),(60,'Olay 29','YANGIN','DUSUK','Adres 29','AKTIF','2025-11-28 15:16:40',NULL,29,'2025-12-27 15:16:40','2025-12-27 15:16:40'),(61,'Olay 30','DEPREM','YUKSEK','Adres 30','AKTIF','2025-11-27 15:16:40',NULL,30,'2025-12-27 15:16:40','2025-12-27 15:16:40'),(62,'Olay 1','SEL','ORTA','Adres 1','AKTIF','2025-12-26 16:26:51',NULL,1,'2025-12-27 16:26:51','2025-12-27 16:26:51'),(63,'Olay 2','YANGIN','YUKSEK','Adres 2','AKTIF','2025-12-25 16:26:51',NULL,2,'2025-12-27 16:26:51','2025-12-27 16:26:51'),(64,'Olay 3','DEPREM','KRITIK','Adres 3','KONTROL_ALTINDA','2025-12-24 16:26:51',NULL,3,'2025-12-27 16:26:51','2025-12-27 16:26:51'),(65,'Olay 4','SEL','DUSUK','Adres 4','AKTIF','2025-12-23 16:26:51',NULL,4,'2025-12-27 16:26:51','2025-12-27 16:26:51'),(66,'Olay 5','YANGIN','ORTA','Adres 5','SONLANDIRILDI','2025-12-22 16:26:51',NULL,5,'2025-12-27 16:26:51','2025-12-27 16:26:51'),(67,'Olay 6','DEPREM','YUKSEK','Adres 6','AKTIF','2025-12-21 16:26:51',NULL,6,'2025-12-27 16:26:51','2025-12-27 16:26:51'),(68,'Olay 7','SEL','ORTA','Adres 7','AKTIF','2025-12-20 16:26:51',NULL,7,'2025-12-27 16:26:51','2025-12-27 16:26:51'),(69,'Olay 8','YANGIN','KRITIK','Adres 8','KONTROL_ALTINDA','2025-12-19 16:26:51',NULL,8,'2025-12-27 16:26:51','2025-12-27 16:26:51'),(70,'Olay 9','DEPREM','DUSUK','Adres 9','AKTIF','2025-12-18 16:26:51',NULL,9,'2025-12-27 16:26:51','2025-12-27 16:26:51'),(71,'Olay 10','SEL','YUKSEK','Adres 10','AKTIF','2025-12-17 16:26:51',NULL,10,'2025-12-27 16:26:51','2025-12-27 16:26:51'),(72,'Olay 11','YANGIN','ORTA','Adres 11','AKTIF','2025-12-16 16:26:51',NULL,11,'2025-12-27 16:26:51','2025-12-27 16:26:51'),(73,'Olay 12','DEPREM','KRITIK','Adres 12','KONTROL_ALTINDA','2025-12-15 16:26:51',NULL,12,'2025-12-27 16:26:51','2025-12-27 16:26:51'),(74,'Olay 13','SEL','DUSUK','Adres 13','AKTIF','2025-12-14 16:26:51',NULL,13,'2025-12-27 16:26:51','2025-12-27 16:26:51'),(75,'Olay 14','YANGIN','YUKSEK','Adres 14','AKTIF','2025-12-13 16:26:51',NULL,14,'2025-12-27 16:26:51','2025-12-27 16:26:51'),(76,'Olay 15','DEPREM','ORTA','Adres 15','SONLANDIRILDI','2025-12-12 16:26:51',NULL,15,'2025-12-27 16:26:51','2025-12-27 16:26:51'),(77,'Olay 16','SEL','KRITIK','Adres 16','AKTIF','2025-12-11 16:26:51',NULL,16,'2025-12-27 16:26:51','2025-12-27 16:26:51'),(78,'Olay 17','YANGIN','DUSUK','Adres 17','AKTIF','2025-12-10 16:26:51',NULL,17,'2025-12-27 16:26:51','2025-12-27 16:26:51'),(79,'Olay 18','DEPREM','YUKSEK','Adres 18','KONTROL_ALTINDA','2025-12-09 16:26:51',NULL,18,'2025-12-27 16:26:51','2025-12-27 16:26:51'),(80,'Olay 19','SEL','ORTA','Adres 19','AKTIF','2025-12-08 16:26:51',NULL,19,'2025-12-27 16:26:51','2025-12-27 16:26:51'),(81,'Olay 20','YANGIN','KRITIK','Adres 20','AKTIF','2025-12-07 16:26:51',NULL,20,'2025-12-27 16:26:51','2025-12-27 16:26:51'),(82,'Olay 21','DEPREM','DUSUK','Adres 21','AKTIF','2025-12-06 16:26:51',NULL,21,'2025-12-27 16:26:51','2025-12-27 16:26:51'),(83,'Olay 22','SEL','YUKSEK','Adres 22','AKTIF','2025-12-05 16:26:51',NULL,22,'2025-12-27 16:26:51','2025-12-27 16:26:51'),(84,'Olay 23','YANGIN','ORTA','Adres 23','KONTROL_ALTINDA','2025-12-04 16:26:51',NULL,23,'2025-12-27 16:26:51','2025-12-27 16:26:51'),(85,'Olay 24','DEPREM','KRITIK','Adres 24','AKTIF','2025-12-03 16:26:51',NULL,24,'2025-12-27 16:26:51','2025-12-27 16:26:51'),(86,'Olay 25','SEL','DUSUK','Adres 25','SONLANDIRILDI','2025-12-02 16:26:51',NULL,25,'2025-12-27 16:26:51','2025-12-27 16:26:51'),(87,'Olay 26','YANGIN','YUKSEK','Adres 26','AKTIF','2025-12-01 16:26:51',NULL,26,'2025-12-27 16:26:51','2025-12-27 16:26:51'),(88,'Olay 27','DEPREM','ORTA','Adres 27','AKTIF','2025-11-30 16:26:51',NULL,27,'2025-12-27 16:26:51','2025-12-27 16:26:51'),(89,'Olay 28','SEL','KRITIK','Adres 28','KONTROL_ALTINDA','2025-11-29 16:26:51',NULL,28,'2025-12-27 16:26:51','2025-12-27 16:26:51'),(90,'Olay 29','YANGIN','DUSUK','Adres 29','AKTIF','2025-11-28 16:26:51',NULL,29,'2025-12-27 16:26:51','2025-12-27 16:26:51'),(91,'Olay 30','DEPREM','YUKSEK','Adres 30','AKTIF','2025-11-27 16:26:51',NULL,30,'2025-12-27 16:26:51','2025-12-27 16:26:51'),(92,'Olay 1','SEL','ORTA','Adres 1','AKTIF','2026-01-03 17:13:54',NULL,1,'2026-01-04 17:13:54','2026-01-04 17:13:54'),(93,'Olay 2','YANGIN','YUKSEK','Adres 2','AKTIF','2026-01-02 17:13:54',NULL,2,'2026-01-04 17:13:54','2026-01-04 17:13:54'),(94,'Olay 3','DEPREM','KRITIK','Adres 3','KONTROL_ALTINDA','2026-01-01 17:13:54',NULL,3,'2026-01-04 17:13:54','2026-01-04 17:13:54'),(95,'Olay 4','SEL','DUSUK','Adres 4','AKTIF','2025-12-31 17:13:54',NULL,4,'2026-01-04 17:13:54','2026-01-04 17:13:54'),(96,'Olay 5','YANGIN','ORTA','Adres 5','SONLANDIRILDI','2025-12-30 17:13:54',NULL,5,'2026-01-04 17:13:54','2026-01-04 17:13:54'),(97,'Olay 6','DEPREM','YUKSEK','Adres 6','AKTIF','2025-12-29 17:13:54',NULL,6,'2026-01-04 17:13:54','2026-01-04 17:13:54'),(98,'Olay 7','SEL','ORTA','Adres 7','AKTIF','2025-12-28 17:13:54',NULL,7,'2026-01-04 17:13:54','2026-01-04 17:13:54'),(99,'Olay 8','YANGIN','KRITIK','Adres 8','KONTROL_ALTINDA','2025-12-27 17:13:54',NULL,8,'2026-01-04 17:13:54','2026-01-04 17:13:54'),(100,'Olay 9','DEPREM','DUSUK','Adres 9','AKTIF','2025-12-26 17:13:54',NULL,9,'2026-01-04 17:13:54','2026-01-04 17:13:54'),(101,'Olay 10','SEL','YUKSEK','Adres 10','AKTIF','2025-12-25 17:13:54',NULL,10,'2026-01-04 17:13:54','2026-01-04 17:13:54'),(102,'Olay 11','YANGIN','ORTA','Adres 11','AKTIF','2025-12-24 17:13:54',NULL,11,'2026-01-04 17:13:54','2026-01-04 17:13:54'),(103,'Olay 12','DEPREM','KRITIK','Adres 12','KONTROL_ALTINDA','2025-12-23 17:13:54',NULL,12,'2026-01-04 17:13:54','2026-01-04 17:13:54'),(104,'Olay 13','SEL','DUSUK','Adres 13','AKTIF','2025-12-22 17:13:54',NULL,13,'2026-01-04 17:13:54','2026-01-04 17:13:54'),(105,'Olay 14','YANGIN','YUKSEK','Adres 14','AKTIF','2025-12-21 17:13:54',NULL,14,'2026-01-04 17:13:54','2026-01-04 17:13:54'),(106,'Olay 15','DEPREM','ORTA','Adres 15','SONLANDIRILDI','2025-12-20 17:13:54',NULL,15,'2026-01-04 17:13:54','2026-01-04 17:13:54'),(107,'Olay 16','SEL','KRITIK','Adres 16','AKTIF','2025-12-19 17:13:54',NULL,16,'2026-01-04 17:13:54','2026-01-04 17:13:54'),(108,'Olay 17','YANGIN','DUSUK','Adres 17','AKTIF','2025-12-18 17:13:54',NULL,17,'2026-01-04 17:13:54','2026-01-04 17:13:54'),(109,'Olay 18','DEPREM','YUKSEK','Adres 18','KONTROL_ALTINDA','2025-12-17 17:13:54',NULL,18,'2026-01-04 17:13:54','2026-01-04 17:13:54'),(110,'Olay 19','SEL','ORTA','Adres 19','AKTIF','2025-12-16 17:13:54',NULL,19,'2026-01-04 17:13:54','2026-01-04 17:13:54'),(111,'Olay 20','YANGIN','KRITIK','Adres 20','AKTIF','2025-12-15 17:13:54',NULL,20,'2026-01-04 17:13:54','2026-01-04 17:13:54'),(112,'Olay 21','DEPREM','DUSUK','Adres 21','AKTIF','2025-12-14 17:13:54',NULL,21,'2026-01-04 17:13:54','2026-01-04 17:13:54'),(113,'Olay 22','SEL','YUKSEK','Adres 22','AKTIF','2025-12-13 17:13:54',NULL,22,'2026-01-04 17:13:54','2026-01-04 17:13:54'),(114,'Olay 23','YANGIN','ORTA','Adres 23','KONTROL_ALTINDA','2025-12-12 17:13:54',NULL,23,'2026-01-04 17:13:54','2026-01-04 17:13:54'),(115,'Olay 24','DEPREM','KRITIK','Adres 24','AKTIF','2025-12-11 17:13:54',NULL,24,'2026-01-04 17:13:54','2026-01-04 17:13:54'),(116,'Olay 25','SEL','DUSUK','Adres 25','SONLANDIRILDI','2025-12-10 17:13:54',NULL,25,'2026-01-04 17:13:54','2026-01-04 17:13:54'),(117,'Olay 26','YANGIN','YUKSEK','Adres 26','AKTIF','2025-12-09 17:13:54',NULL,26,'2026-01-04 17:13:54','2026-01-04 17:13:54'),(118,'Olay 27','DEPREM','ORTA','Adres 27','AKTIF','2025-12-08 17:13:54',NULL,27,'2026-01-04 17:13:54','2026-01-04 17:13:54'),(119,'Olay 28','SEL','KRITIK','Adres 28','KONTROL_ALTINDA','2025-12-07 17:13:54',NULL,28,'2026-01-04 17:13:54','2026-01-04 17:13:54'),(120,'Olay 29','YANGIN','DUSUK','Adres 29','AKTIF','2025-12-06 17:13:54',NULL,29,'2026-01-04 17:13:54','2026-01-04 17:13:54'),(121,'Olay 30','DEPREM','YUKSEK','Adres 30','AKTIF','2025-12-05 17:13:54',NULL,30,'2026-01-04 17:13:54','2026-01-04 17:13:54'),(122,'Olay 1','SEL','ORTA','Adres 1','AKTIF','2026-01-03 21:43:00',NULL,1,'2026-01-04 21:43:00','2026-01-04 21:43:00'),(123,'Olay 2','YANGIN','YUKSEK','Adres 2','AKTIF','2026-01-02 21:43:00',NULL,2,'2026-01-04 21:43:00','2026-01-04 21:43:00'),(124,'Olay 3','DEPREM','KRITIK','Adres 3','KONTROL_ALTINDA','2026-01-01 21:43:00',NULL,3,'2026-01-04 21:43:00','2026-01-04 21:43:00'),(125,'Olay 4','SEL','DUSUK','Adres 4','AKTIF','2025-12-31 21:43:00',NULL,4,'2026-01-04 21:43:00','2026-01-04 21:43:00'),(126,'Olay 5','YANGIN','ORTA','Adres 5','SONLANDIRILDI','2025-12-30 21:43:00',NULL,5,'2026-01-04 21:43:00','2026-01-04 21:43:00'),(127,'Olay 6','DEPREM','YUKSEK','Adres 6','AKTIF','2025-12-29 21:43:00',NULL,6,'2026-01-04 21:43:00','2026-01-04 21:43:00'),(128,'Olay 7','SEL','ORTA','Adres 7','AKTIF','2025-12-28 21:43:00',NULL,7,'2026-01-04 21:43:00','2026-01-04 21:43:00'),(129,'Olay 8','YANGIN','KRITIK','Adres 8','KONTROL_ALTINDA','2025-12-27 21:43:00',NULL,8,'2026-01-04 21:43:00','2026-01-04 21:43:00'),(130,'Olay 9','DEPREM','DUSUK','Adres 9','AKTIF','2025-12-26 21:43:00',NULL,9,'2026-01-04 21:43:00','2026-01-04 21:43:00'),(131,'Olay 10','SEL','YUKSEK','Adres 10','AKTIF','2025-12-25 21:43:00',NULL,10,'2026-01-04 21:43:00','2026-01-04 21:43:00'),(132,'Olay 11','YANGIN','ORTA','Adres 11','AKTIF','2025-12-24 21:43:00',NULL,11,'2026-01-04 21:43:00','2026-01-04 21:43:00'),(133,'Olay 12','DEPREM','KRITIK','Adres 12','KONTROL_ALTINDA','2025-12-23 21:43:00',NULL,12,'2026-01-04 21:43:00','2026-01-04 21:43:00'),(134,'Olay 13','SEL','DUSUK','Adres 13','AKTIF','2025-12-22 21:43:00',NULL,13,'2026-01-04 21:43:00','2026-01-04 21:43:00'),(135,'Olay 14','YANGIN','YUKSEK','Adres 14','AKTIF','2025-12-21 21:43:00',NULL,14,'2026-01-04 21:43:00','2026-01-04 21:43:00'),(136,'Olay 15','DEPREM','ORTA','Adres 15','SONLANDIRILDI','2025-12-20 21:43:00',NULL,15,'2026-01-04 21:43:00','2026-01-04 21:43:00'),(137,'Olay 16','SEL','KRITIK','Adres 16','AKTIF','2025-12-19 21:43:00',NULL,16,'2026-01-04 21:43:00','2026-01-04 21:43:00'),(138,'Olay 17','YANGIN','DUSUK','Adres 17','AKTIF','2025-12-18 21:43:00',NULL,17,'2026-01-04 21:43:00','2026-01-04 21:43:00'),(139,'Olay 18','DEPREM','YUKSEK','Adres 18','KONTROL_ALTINDA','2025-12-17 21:43:00',NULL,18,'2026-01-04 21:43:00','2026-01-04 21:43:00'),(140,'Olay 19','SEL','ORTA','Adres 19','AKTIF','2025-12-16 21:43:00',NULL,19,'2026-01-04 21:43:00','2026-01-04 21:43:00'),(141,'Olay 20','YANGIN','KRITIK','Adres 20','AKTIF','2025-12-15 21:43:00',NULL,20,'2026-01-04 21:43:00','2026-01-04 21:43:00'),(142,'Olay 21','DEPREM','DUSUK','Adres 21','AKTIF','2025-12-14 21:43:00',NULL,21,'2026-01-04 21:43:00','2026-01-04 21:43:00'),(143,'Olay 22','SEL','YUKSEK','Adres 22','AKTIF','2025-12-13 21:43:00',NULL,22,'2026-01-04 21:43:00','2026-01-04 21:43:00'),(144,'Olay 23','YANGIN','ORTA','Adres 23','KONTROL_ALTINDA','2025-12-12 21:43:00',NULL,23,'2026-01-04 21:43:00','2026-01-04 21:43:00'),(145,'Olay 24','DEPREM','KRITIK','Adres 24','AKTIF','2025-12-11 21:43:00',NULL,24,'2026-01-04 21:43:00','2026-01-04 21:43:00'),(146,'Olay 25','SEL','DUSUK','Adres 25','SONLANDIRILDI','2025-12-10 21:43:00',NULL,25,'2026-01-04 21:43:00','2026-01-04 21:43:00'),(147,'Olay 26','YANGIN','YUKSEK','Adres 26','AKTIF','2025-12-09 21:43:00',NULL,26,'2026-01-04 21:43:00','2026-01-04 21:43:00'),(148,'Olay 27','DEPREM','ORTA','Adres 27','AKTIF','2025-12-08 21:43:00',NULL,27,'2026-01-04 21:43:00','2026-01-04 21:43:00'),(149,'Olay 28','SEL','KRITIK','Adres 28','KONTROL_ALTINDA','2025-12-07 21:43:00',NULL,28,'2026-01-04 21:43:00','2026-01-04 21:43:00'),(150,'Olay 29','YANGIN','DUSUK','Adres 29','AKTIF','2025-12-06 21:43:00',NULL,29,'2026-01-04 21:43:00','2026-01-04 21:43:00'),(151,'Olay 30','DEPREM','YUKSEK','Adres 30','AKTIF','2025-12-05 21:43:00',NULL,30,'2026-01-04 21:43:00','2026-01-04 21:43:00');
/*!40000 ALTER TABLE `olaylar` ENABLE KEYS */;
UNLOCK TABLES;

--
-- Table structure for table `roller`
--

DROP TABLE IF EXISTS `roller`;
/*!40101 SET @saved_cs_client     = @@character_set_client */;
/*!50503 SET character_set_client = utf8mb4 */;
CREATE TABLE `roller` (
  `id` int NOT NULL AUTO_INCREMENT,
  `rol_adi` varchar(50) COLLATE utf8mb4_turkish_ci NOT NULL,
  PRIMARY KEY (`id`),
  UNIQUE KEY `rol_adi` (`rol_adi`)
) ENGINE=InnoDB AUTO_INCREMENT=4 DEFAULT CHARSET=utf8mb4 COLLATE=utf8mb4_turkish_ci;
/*!40101 SET character_set_client = @saved_cs_client */;

--
-- Dumping data for table `roller`
--

LOCK TABLES `roller` WRITE;
/*!40000 ALTER TABLE `roller` DISABLE KEYS */;
INSERT INTO `roller` VALUES (1,'GONULLU'),(2,'KOORDINATOR'),(3,'YONETICI');
/*!40000 ALTER TABLE `roller` ENABLE KEYS */;
UNLOCK TABLES;

--
-- Table structure for table `talepler`
--

DROP TABLE IF EXISTS `talepler`;
/*!40101 SET @saved_cs_client     = @@character_set_client */;
/*!50503 SET character_set_client = utf8mb4 */;
CREATE TABLE `talepler` (
  `id` int NOT NULL AUTO_INCREMENT,
  `olay_id` int NOT NULL,
  `talep_turu` enum('GIDA','BARINMA','SAGLIK','LOJISTIK','DIGER') COLLATE utf8mb4_turkish_ci NOT NULL,
  `aciklama` varchar(255) COLLATE utf8mb4_turkish_ci DEFAULT NULL,
  `miktar` int NOT NULL,
  `durum` enum('BEKLIYOR','KARSILANIYOR','TAMAMLANDI') COLLATE utf8mb4_turkish_ci DEFAULT 'BEKLIYOR',
  `olusturan_kullanici_id` int DEFAULT NULL,
  `created_at` datetime DEFAULT CURRENT_TIMESTAMP,
  `updated_at` datetime DEFAULT CURRENT_TIMESTAMP ON UPDATE CURRENT_TIMESTAMP,
  PRIMARY KEY (`id`),
  KEY `fk_talep_olay` (`olay_id`),
  KEY `fk_talep_kullanici` (`olusturan_kullanici_id`),
  CONSTRAINT `fk_talep_kullanici` FOREIGN KEY (`olusturan_kullanici_id`) REFERENCES `kullanicilar` (`id`) ON DELETE SET NULL,
  CONSTRAINT `fk_talep_olay` FOREIGN KEY (`olay_id`) REFERENCES `olaylar` (`id`) ON DELETE CASCADE,
  CONSTRAINT `talepler_chk_1` CHECK ((`miktar` > 0))
) ENGINE=InnoDB AUTO_INCREMENT=336 DEFAULT CHARSET=utf8mb4 COLLATE=utf8mb4_turkish_ci;
/*!40101 SET character_set_client = @saved_cs_client */;

--
-- Dumping data for table `talepler`
--

LOCK TABLES `talepler` WRITE;
/*!40000 ALTER TABLE `talepler` DISABLE KEYS */;
INSERT INTO `talepler` VALUES (1,1,'GIDA','Talep 1',2,'TAMAMLANDI',1,'2025-12-21 01:14:36','2026-01-04 18:01:19'),(2,2,'BARINMA','Talep 2',3,'KARSILANIYOR',2,'2025-12-21 01:14:36','2025-12-21 01:14:36'),(3,3,'SAGLIK','Talep 3',1,'TAMAMLANDI',3,'2025-12-21 01:14:36','2025-12-21 01:14:36'),(4,4,'LOJISTIK','Talep 4',4,'BEKLIYOR',4,'2025-12-21 01:14:36','2025-12-21 01:14:36'),(5,5,'GIDA','Talep 5',5,'TAMAMLANDI',5,'2025-12-21 01:14:36','2025-12-21 01:14:36'),(6,6,'BARINMA','Talep 6',2,'BEKLIYOR',6,'2025-12-21 01:14:36','2025-12-21 01:14:36'),(7,7,'SAGLIK','Talep 7',3,'KARSILANIYOR',7,'2025-12-21 01:14:36','2025-12-21 01:14:36'),(8,8,'LOJISTIK','Talep 8',1,'BEKLIYOR',8,'2025-12-21 01:14:36','2025-12-21 01:14:36'),(9,9,'GIDA','Talep 9',4,'TAMAMLANDI',9,'2025-12-21 01:14:36','2025-12-21 01:14:36'),(10,10,'BARINMA','Talep 10',2,'BEKLIYOR',10,'2025-12-21 01:14:36','2025-12-21 01:14:36'),(11,11,'SAGLIK','Talep 11',5,'KARSILANIYOR',11,'2025-12-21 01:14:36','2025-12-21 01:14:36'),(12,12,'LOJISTIK','Talep 12',3,'BEKLIYOR',12,'2025-12-21 01:14:36','2025-12-21 01:14:36'),(13,13,'GIDA','Talep 13',1,'BEKLIYOR',13,'2025-12-21 01:14:36','2025-12-21 01:14:36'),(14,14,'BARINMA','Talep 14',4,'TAMAMLANDI',14,'2025-12-21 01:14:36','2025-12-21 01:14:36'),(15,15,'SAGLIK','Talep 15',2,'KARSILANIYOR',15,'2025-12-21 01:14:36','2025-12-21 01:14:36'),(16,16,'LOJISTIK','Talep 16',5,'BEKLIYOR',16,'2025-12-21 01:14:36','2025-12-21 01:14:36'),(17,17,'GIDA','Talep 17',3,'TAMAMLANDI',17,'2025-12-21 01:14:36','2025-12-21 01:14:36'),(18,18,'BARINMA','Talep 18',1,'BEKLIYOR',18,'2025-12-21 01:14:36','2025-12-21 01:14:36'),(19,19,'SAGLIK','Talep 19',4,'KARSILANIYOR',19,'2025-12-21 01:14:36','2025-12-21 01:14:36'),(20,20,'LOJISTIK','Talep 20',2,'BEKLIYOR',20,'2025-12-21 01:14:36','2025-12-21 01:14:36'),(21,21,'GIDA','Talep 21',5,'TAMAMLANDI',21,'2025-12-21 01:14:36','2025-12-21 01:14:36'),(22,22,'BARINMA','Talep 22',3,'BEKLIYOR',22,'2025-12-21 01:14:36','2025-12-21 01:14:36'),(23,23,'SAGLIK','Talep 23',1,'KARSILANIYOR',23,'2025-12-21 01:14:36','2025-12-21 01:14:36'),(24,24,'LOJISTIK','Talep 24',4,'BEKLIYOR',24,'2025-12-21 01:14:36','2025-12-21 01:14:36'),(25,25,'GIDA','Talep 25',2,'TAMAMLANDI',25,'2025-12-21 01:14:36','2025-12-21 01:14:36'),(26,26,'BARINMA','Talep 26',5,'BEKLIYOR',26,'2025-12-21 01:14:36','2025-12-21 01:14:36'),(27,27,'SAGLIK','Talep 27',3,'KARSILANIYOR',27,'2025-12-21 01:14:36','2025-12-21 01:14:36'),(28,28,'LOJISTIK','Talep 28',1,'BEKLIYOR',28,'2025-12-21 01:14:36','2025-12-21 01:14:36'),(29,29,'GIDA','Talep 29',4,'TAMAMLANDI',29,'2025-12-21 01:14:36','2025-12-21 01:14:36'),(30,30,'BARINMA','Talep 30',2,'BEKLIYOR',30,'2025-12-21 01:14:36','2025-12-21 01:14:36'),(31,1,'GIDA','Ek Talep 1',2,'BEKLIYOR',1,'2025-12-27 15:30:35','2025-12-27 15:30:35'),(32,2,'BARINMA','Ek Talep 2',3,'BEKLIYOR',2,'2025-12-27 15:30:35','2025-12-27 15:30:35'),(33,3,'SAGLIK','Ek Talep 3',1,'KARSILANIYOR',3,'2025-12-27 15:30:35','2025-12-27 15:30:35'),(34,4,'LOJISTIK','Ek Talep 4',4,'BEKLIYOR',4,'2025-12-27 15:30:35','2025-12-27 15:30:35'),(35,5,'DIGER','Ek Talep 5',2,'TAMAMLANDI',5,'2025-12-27 15:30:35','2025-12-27 15:30:35'),(36,1,'GIDA','Ek Talep 1',2,'BEKLIYOR',1,'2025-12-27 15:51:36','2025-12-27 15:51:36'),(37,2,'BARINMA','Ek Talep 2',3,'BEKLIYOR',2,'2025-12-27 15:51:36','2025-12-27 15:51:36'),(38,3,'SAGLIK','Ek Talep 3',1,'KARSILANIYOR',3,'2025-12-27 15:51:36','2025-12-27 15:51:36'),(39,4,'LOJISTIK','Ek Talep 4',4,'BEKLIYOR',4,'2025-12-27 15:51:36','2025-12-27 15:51:36'),(40,5,'DIGER','Ek Talep 5',2,'TAMAMLANDI',5,'2025-12-27 15:51:36','2025-12-27 15:51:36'),(41,1,'GIDA','Ek Talep 1',2,'BEKLIYOR',1,'2025-12-27 15:57:35','2025-12-27 15:57:35'),(42,2,'BARINMA','Ek Talep 2',3,'BEKLIYOR',2,'2025-12-27 15:57:35','2025-12-27 15:57:35'),(43,3,'SAGLIK','Ek Talep 3',1,'KARSILANIYOR',3,'2025-12-27 15:57:35','2025-12-27 15:57:35'),(44,4,'LOJISTIK','Ek Talep 4',4,'BEKLIYOR',4,'2025-12-27 15:57:35','2025-12-27 15:57:35'),(45,5,'DIGER','Ek Talep 5',2,'TAMAMLANDI',5,'2025-12-27 15:57:35','2025-12-27 15:57:35'),(46,1,'GIDA','Ek Talep 1',2,'BEKLIYOR',1,'2025-12-27 15:57:39','2025-12-27 15:57:39'),(47,2,'BARINMA','Ek Talep 2',3,'BEKLIYOR',2,'2025-12-27 15:57:39','2025-12-27 15:57:39'),(48,3,'SAGLIK','Ek Talep 3',1,'KARSILANIYOR',3,'2025-12-27 15:57:39','2025-12-27 15:57:39'),(49,4,'LOJISTIK','Ek Talep 4',4,'BEKLIYOR',4,'2025-12-27 15:57:39','2025-12-27 15:57:39'),(50,5,'DIGER','Ek Talep 5',2,'TAMAMLANDI',5,'2025-12-27 15:57:39','2025-12-27 15:57:39'),(51,1,'GIDA','Ek Talep 1',2,'BEKLIYOR',1,'2025-12-27 15:57:40','2025-12-27 15:57:40'),(52,2,'BARINMA','Ek Talep 2',3,'BEKLIYOR',2,'2025-12-27 15:57:40','2025-12-27 15:57:40'),(53,3,'SAGLIK','Ek Talep 3',1,'KARSILANIYOR',3,'2025-12-27 15:57:40','2025-12-27 15:57:40'),(54,4,'LOJISTIK','Ek Talep 4',4,'BEKLIYOR',4,'2025-12-27 15:57:40','2025-12-27 15:57:40'),(55,5,'DIGER','Ek Talep 5',2,'TAMAMLANDI',5,'2025-12-27 15:57:40','2025-12-27 15:57:40'),(56,1,'GIDA','Ek Talep 1',2,'BEKLIYOR',1,'2025-12-27 15:58:02','2025-12-27 15:58:02'),(57,2,'BARINMA','Ek Talep 2',3,'BEKLIYOR',2,'2025-12-27 15:58:02','2025-12-27 15:58:02'),(58,3,'SAGLIK','Ek Talep 3',1,'KARSILANIYOR',3,'2025-12-27 15:58:02','2025-12-27 15:58:02'),(59,4,'LOJISTIK','Ek Talep 4',4,'BEKLIYOR',4,'2025-12-27 15:58:02','2025-12-27 15:58:02'),(60,5,'DIGER','Ek Talep 5',2,'TAMAMLANDI',5,'2025-12-27 15:58:02','2025-12-27 15:58:02'),(61,1,'GIDA','Ek Talep 1',2,'BEKLIYOR',1,'2025-12-27 16:06:56','2025-12-27 16:06:56'),(62,2,'BARINMA','Ek Talep 2',3,'BEKLIYOR',2,'2025-12-27 16:06:56','2025-12-27 16:06:56'),(63,3,'SAGLIK','Ek Talep 3',1,'KARSILANIYOR',3,'2025-12-27 16:06:56','2025-12-27 16:06:56'),(64,4,'LOJISTIK','Ek Talep 4',4,'BEKLIYOR',4,'2025-12-27 16:06:56','2025-12-27 16:06:56'),(65,5,'DIGER','Ek Talep 5',2,'TAMAMLANDI',5,'2025-12-27 16:06:56','2025-12-27 16:06:56'),(66,1,'GIDA','Ek Talep 1',2,'BEKLIYOR',1,'2025-12-27 16:06:58','2025-12-27 16:06:58'),(67,2,'BARINMA','Ek Talep 2',3,'BEKLIYOR',2,'2025-12-27 16:06:58','2025-12-27 16:06:58'),(68,3,'SAGLIK','Ek Talep 3',1,'KARSILANIYOR',3,'2025-12-27 16:06:58','2025-12-27 16:06:58'),(69,4,'LOJISTIK','Ek Talep 4',4,'BEKLIYOR',4,'2025-12-27 16:06:58','2025-12-27 16:06:58'),(70,5,'DIGER','Ek Talep 5',2,'TAMAMLANDI',5,'2025-12-27 16:06:58','2025-12-27 16:06:58'),(71,1,'GIDA','Ek Talep 1',2,'BEKLIYOR',1,'2025-12-27 16:07:04','2025-12-27 16:07:04'),(72,2,'BARINMA','Ek Talep 2',3,'BEKLIYOR',2,'2025-12-27 16:07:04','2025-12-27 16:07:04'),(73,3,'SAGLIK','Ek Talep 3',1,'KARSILANIYOR',3,'2025-12-27 16:07:04','2025-12-27 16:07:04'),(74,4,'LOJISTIK','Ek Talep 4',4,'BEKLIYOR',4,'2025-12-27 16:07:04','2025-12-27 16:07:04'),(75,5,'DIGER','Ek Talep 5',2,'TAMAMLANDI',5,'2025-12-27 16:07:04','2025-12-27 16:07:04'),(76,1,'GIDA','Ek Talep 1',2,'BEKLIYOR',1,'2025-12-27 16:07:07','2025-12-27 16:07:07'),(77,2,'BARINMA','Ek Talep 2',3,'BEKLIYOR',2,'2025-12-27 16:07:07','2025-12-27 16:07:07'),(78,3,'SAGLIK','Ek Talep 3',1,'KARSILANIYOR',3,'2025-12-27 16:07:07','2025-12-27 16:07:07'),(79,4,'LOJISTIK','Ek Talep 4',4,'BEKLIYOR',4,'2025-12-27 16:07:07','2025-12-27 16:07:07'),(80,5,'DIGER','Ek Talep 5',2,'TAMAMLANDI',5,'2025-12-27 16:07:07','2025-12-27 16:07:07'),(81,1,'GIDA','Ek Talep 1',2,'BEKLIYOR',1,'2025-12-27 16:07:08','2025-12-27 16:07:08'),(82,2,'BARINMA','Ek Talep 2',3,'BEKLIYOR',2,'2025-12-27 16:07:08','2025-12-27 16:07:08'),(83,3,'SAGLIK','Ek Talep 3',1,'KARSILANIYOR',3,'2025-12-27 16:07:08','2025-12-27 16:07:08'),(84,4,'LOJISTIK','Ek Talep 4',4,'BEKLIYOR',4,'2025-12-27 16:07:08','2025-12-27 16:07:08'),(85,5,'DIGER','Ek Talep 5',2,'TAMAMLANDI',5,'2025-12-27 16:07:08','2025-12-27 16:07:08'),(86,1,'GIDA','Ek Talep 1',2,'BEKLIYOR',1,'2025-12-27 16:07:38','2025-12-27 16:07:38'),(87,2,'BARINMA','Ek Talep 2',3,'BEKLIYOR',2,'2025-12-27 16:07:38','2025-12-27 16:07:38'),(88,3,'SAGLIK','Ek Talep 3',1,'KARSILANIYOR',3,'2025-12-27 16:07:38','2025-12-27 16:07:38'),(89,4,'LOJISTIK','Ek Talep 4',4,'BEKLIYOR',4,'2025-12-27 16:07:38','2025-12-27 16:07:38'),(90,5,'DIGER','Ek Talep 5',2,'TAMAMLANDI',5,'2025-12-27 16:07:38','2025-12-27 16:07:38'),(91,1,'GIDA','Ek Talep 1',2,'BEKLIYOR',1,'2025-12-27 16:07:39','2025-12-27 16:07:39'),(92,2,'BARINMA','Ek Talep 2',3,'BEKLIYOR',2,'2025-12-27 16:07:39','2025-12-27 16:07:39'),(93,3,'SAGLIK','Ek Talep 3',1,'KARSILANIYOR',3,'2025-12-27 16:07:39','2025-12-27 16:07:39'),(94,4,'LOJISTIK','Ek Talep 4',4,'BEKLIYOR',4,'2025-12-27 16:07:39','2025-12-27 16:07:39'),(95,5,'DIGER','Ek Talep 5',2,'TAMAMLANDI',5,'2025-12-27 16:07:39','2025-12-27 16:07:39'),(96,1,'GIDA','Ek Talep 1',2,'BEKLIYOR',1,'2025-12-27 16:07:44','2025-12-27 16:07:44'),(97,2,'BARINMA','Ek Talep 2',3,'BEKLIYOR',2,'2025-12-27 16:07:44','2025-12-27 16:07:44'),(98,3,'SAGLIK','Ek Talep 3',1,'KARSILANIYOR',3,'2025-12-27 16:07:44','2025-12-27 16:07:44'),(99,4,'LOJISTIK','Ek Talep 4',4,'BEKLIYOR',4,'2025-12-27 16:07:44','2025-12-27 16:07:44'),(100,5,'DIGER','Ek Talep 5',2,'TAMAMLANDI',5,'2025-12-27 16:07:44','2025-12-27 16:07:44'),(101,1,'GIDA','Ek Talep 1',2,'BEKLIYOR',1,'2025-12-27 16:07:45','2025-12-27 16:07:45'),(102,2,'BARINMA','Ek Talep 2',3,'BEKLIYOR',2,'2025-12-27 16:07:45','2025-12-27 16:07:45'),(103,3,'SAGLIK','Ek Talep 3',1,'KARSILANIYOR',3,'2025-12-27 16:07:45','2025-12-27 16:07:45'),(104,4,'LOJISTIK','Ek Talep 4',4,'BEKLIYOR',4,'2025-12-27 16:07:45','2025-12-27 16:07:45'),(105,5,'DIGER','Ek Talep 5',2,'TAMAMLANDI',5,'2025-12-27 16:07:45','2025-12-27 16:07:45'),(106,1,'GIDA','Ek Talep 1',2,'BEKLIYOR',1,'2025-12-27 16:07:45','2025-12-27 16:07:45'),(107,2,'BARINMA','Ek Talep 2',3,'BEKLIYOR',2,'2025-12-27 16:07:45','2025-12-27 16:07:45'),(108,3,'SAGLIK','Ek Talep 3',1,'KARSILANIYOR',3,'2025-12-27 16:07:45','2025-12-27 16:07:45'),(109,4,'LOJISTIK','Ek Talep 4',4,'BEKLIYOR',4,'2025-12-27 16:07:45','2025-12-27 16:07:45'),(110,5,'DIGER','Ek Talep 5',2,'TAMAMLANDI',5,'2025-12-27 16:07:45','2025-12-27 16:07:45'),(111,1,'GIDA','Ek Talep 1',2,'BEKLIYOR',1,'2025-12-27 16:07:55','2025-12-27 16:07:55'),(112,2,'BARINMA','Ek Talep 2',3,'BEKLIYOR',2,'2025-12-27 16:07:55','2025-12-27 16:07:55'),(113,3,'SAGLIK','Ek Talep 3',1,'KARSILANIYOR',3,'2025-12-27 16:07:55','2025-12-27 16:07:55'),(114,4,'LOJISTIK','Ek Talep 4',4,'BEKLIYOR',4,'2025-12-27 16:07:55','2025-12-27 16:07:55'),(115,5,'DIGER','Ek Talep 5',2,'TAMAMLANDI',5,'2025-12-27 16:07:55','2025-12-27 16:07:55'),(116,1,'GIDA','Ek Talep 1',2,'BEKLIYOR',1,'2025-12-27 16:07:55','2025-12-27 16:07:55'),(117,2,'BARINMA','Ek Talep 2',3,'BEKLIYOR',2,'2025-12-27 16:07:55','2025-12-27 16:07:55'),(118,3,'SAGLIK','Ek Talep 3',1,'KARSILANIYOR',3,'2025-12-27 16:07:55','2025-12-27 16:07:55'),(119,4,'LOJISTIK','Ek Talep 4',4,'BEKLIYOR',4,'2025-12-27 16:07:55','2025-12-27 16:07:55'),(120,5,'DIGER','Ek Talep 5',2,'TAMAMLANDI',5,'2025-12-27 16:07:55','2025-12-27 16:07:55'),(121,1,'GIDA','Ek Talep 1',2,'BEKLIYOR',1,'2025-12-27 16:07:56','2025-12-27 16:07:56'),(122,2,'BARINMA','Ek Talep 2',3,'BEKLIYOR',2,'2025-12-27 16:07:56','2025-12-27 16:07:56'),(123,3,'SAGLIK','Ek Talep 3',1,'KARSILANIYOR',3,'2025-12-27 16:07:56','2025-12-27 16:07:56'),(124,4,'LOJISTIK','Ek Talep 4',4,'BEKLIYOR',4,'2025-12-27 16:07:56','2025-12-27 16:07:56'),(125,5,'DIGER','Ek Talep 5',2,'TAMAMLANDI',5,'2025-12-27 16:07:56','2025-12-27 16:07:56'),(126,1,'GIDA','Ek Talep 1',2,'BEKLIYOR',1,'2025-12-27 16:07:56','2025-12-27 16:07:56'),(127,2,'BARINMA','Ek Talep 2',3,'BEKLIYOR',2,'2025-12-27 16:07:56','2025-12-27 16:07:56'),(128,3,'SAGLIK','Ek Talep 3',1,'KARSILANIYOR',3,'2025-12-27 16:07:56','2025-12-27 16:07:56'),(129,4,'LOJISTIK','Ek Talep 4',4,'BEKLIYOR',4,'2025-12-27 16:07:56','2025-12-27 16:07:56'),(130,5,'DIGER','Ek Talep 5',2,'TAMAMLANDI',5,'2025-12-27 16:07:56','2025-12-27 16:07:56'),(131,1,'GIDA','Ek Talep 1',2,'BEKLIYOR',1,'2025-12-27 16:07:59','2025-12-27 16:07:59'),(132,2,'BARINMA','Ek Talep 2',3,'BEKLIYOR',2,'2025-12-27 16:07:59','2025-12-27 16:07:59'),(133,3,'SAGLIK','Ek Talep 3',1,'KARSILANIYOR',3,'2025-12-27 16:07:59','2025-12-27 16:07:59'),(134,4,'LOJISTIK','Ek Talep 4',4,'BEKLIYOR',4,'2025-12-27 16:07:59','2025-12-27 16:07:59'),(135,5,'DIGER','Ek Talep 5',2,'TAMAMLANDI',5,'2025-12-27 16:07:59','2025-12-27 16:07:59'),(136,1,'GIDA','Ek Talep 1',2,'BEKLIYOR',1,'2025-12-27 16:07:59','2025-12-27 16:07:59'),(137,2,'BARINMA','Ek Talep 2',3,'BEKLIYOR',2,'2025-12-27 16:07:59','2025-12-27 16:07:59'),(138,3,'SAGLIK','Ek Talep 3',1,'KARSILANIYOR',3,'2025-12-27 16:07:59','2025-12-27 16:07:59'),(139,4,'LOJISTIK','Ek Talep 4',4,'BEKLIYOR',4,'2025-12-27 16:07:59','2025-12-27 16:07:59'),(140,5,'DIGER','Ek Talep 5',2,'TAMAMLANDI',5,'2025-12-27 16:07:59','2025-12-27 16:07:59'),(141,1,'GIDA','Ek Talep 1',2,'BEKLIYOR',1,'2025-12-27 16:08:00','2025-12-27 16:08:00'),(142,2,'BARINMA','Ek Talep 2',3,'BEKLIYOR',2,'2025-12-27 16:08:00','2025-12-27 16:08:00'),(143,3,'SAGLIK','Ek Talep 3',1,'KARSILANIYOR',3,'2025-12-27 16:08:00','2025-12-27 16:08:00'),(144,4,'LOJISTIK','Ek Talep 4',4,'BEKLIYOR',4,'2025-12-27 16:08:00','2025-12-27 16:08:00'),(145,5,'DIGER','Ek Talep 5',2,'TAMAMLANDI',5,'2025-12-27 16:08:00','2025-12-27 16:08:00'),(146,1,'GIDA','Ek Talep 1',2,'BEKLIYOR',1,'2025-12-27 16:08:01','2025-12-27 16:08:01'),(147,2,'BARINMA','Ek Talep 2',3,'BEKLIYOR',2,'2025-12-27 16:08:01','2025-12-27 16:08:01'),(148,3,'SAGLIK','Ek Talep 3',1,'KARSILANIYOR',3,'2025-12-27 16:08:01','2025-12-27 16:08:01'),(149,4,'LOJISTIK','Ek Talep 4',4,'BEKLIYOR',4,'2025-12-27 16:08:01','2025-12-27 16:08:01'),(150,5,'DIGER','Ek Talep 5',2,'TAMAMLANDI',5,'2025-12-27 16:08:01','2025-12-27 16:08:01'),(151,1,'GIDA','Ek Talep 1',2,'BEKLIYOR',1,'2025-12-27 16:08:02','2025-12-27 16:08:02'),(152,2,'BARINMA','Ek Talep 2',3,'BEKLIYOR',2,'2025-12-27 16:08:02','2025-12-27 16:08:02'),(153,3,'SAGLIK','Ek Talep 3',1,'KARSILANIYOR',3,'2025-12-27 16:08:02','2025-12-27 16:08:02'),(154,4,'LOJISTIK','Ek Talep 4',4,'BEKLIYOR',4,'2025-12-27 16:08:02','2025-12-27 16:08:02'),(155,5,'DIGER','Ek Talep 5',2,'TAMAMLANDI',5,'2025-12-27 16:08:02','2025-12-27 16:08:02'),(156,1,'GIDA','Ek Talep 1',2,'BEKLIYOR',1,'2025-12-27 16:09:52','2025-12-27 16:09:52'),(157,2,'BARINMA','Ek Talep 2',3,'BEKLIYOR',2,'2025-12-27 16:09:52','2025-12-27 16:09:52'),(158,3,'SAGLIK','Ek Talep 3',1,'KARSILANIYOR',3,'2025-12-27 16:09:52','2025-12-27 16:09:52'),(159,4,'LOJISTIK','Ek Talep 4',4,'BEKLIYOR',4,'2025-12-27 16:09:52','2025-12-27 16:09:52'),(160,5,'DIGER','Ek Talep 5',2,'TAMAMLANDI',5,'2025-12-27 16:09:52','2025-12-27 16:09:52'),(161,1,'GIDA','Ek Talep 1',2,'BEKLIYOR',1,'2025-12-27 16:09:53','2025-12-27 16:09:53'),(162,2,'BARINMA','Ek Talep 2',3,'BEKLIYOR',2,'2025-12-27 16:09:53','2025-12-27 16:09:53'),(163,3,'SAGLIK','Ek Talep 3',1,'KARSILANIYOR',3,'2025-12-27 16:09:53','2025-12-27 16:09:53'),(164,4,'LOJISTIK','Ek Talep 4',4,'BEKLIYOR',4,'2025-12-27 16:09:53','2025-12-27 16:09:53'),(165,5,'DIGER','Ek Talep 5',2,'TAMAMLANDI',5,'2025-12-27 16:09:53','2025-12-27 16:09:53'),(166,1,'GIDA','Ek Talep 1',2,'BEKLIYOR',1,'2025-12-27 16:10:31','2025-12-27 16:10:31'),(167,2,'BARINMA','Ek Talep 2',3,'BEKLIYOR',2,'2025-12-27 16:10:31','2025-12-27 16:10:31'),(168,3,'SAGLIK','Ek Talep 3',1,'KARSILANIYOR',3,'2025-12-27 16:10:31','2025-12-27 16:10:31'),(169,4,'LOJISTIK','Ek Talep 4',4,'BEKLIYOR',4,'2025-12-27 16:10:31','2025-12-27 16:10:31'),(170,5,'DIGER','Ek Talep 5',2,'TAMAMLANDI',5,'2025-12-27 16:10:31','2025-12-27 16:10:31'),(171,1,'GIDA','Ek Talep 1',2,'BEKLIYOR',1,'2025-12-27 16:10:32','2025-12-27 16:10:32'),(172,2,'BARINMA','Ek Talep 2',3,'BEKLIYOR',2,'2025-12-27 16:10:32','2025-12-27 16:10:32'),(173,3,'SAGLIK','Ek Talep 3',1,'KARSILANIYOR',3,'2025-12-27 16:10:32','2025-12-27 16:10:32'),(174,4,'LOJISTIK','Ek Talep 4',4,'BEKLIYOR',4,'2025-12-27 16:10:32','2025-12-27 16:10:32'),(175,5,'DIGER','Ek Talep 5',2,'TAMAMLANDI',5,'2025-12-27 16:10:32','2025-12-27 16:10:32'),(176,1,'GIDA','Ek Talep 1',2,'BEKLIYOR',1,'2025-12-27 16:11:11','2025-12-27 16:11:11'),(177,2,'BARINMA','Ek Talep 2',3,'BEKLIYOR',2,'2025-12-27 16:11:11','2025-12-27 16:11:11'),(178,3,'SAGLIK','Ek Talep 3',1,'KARSILANIYOR',3,'2025-12-27 16:11:11','2025-12-27 16:11:11'),(179,4,'LOJISTIK','Ek Talep 4',4,'BEKLIYOR',4,'2025-12-27 16:11:11','2025-12-27 16:11:11'),(180,5,'DIGER','Ek Talep 5',2,'TAMAMLANDI',5,'2025-12-27 16:11:11','2025-12-27 16:11:11'),(181,1,'GIDA','Ek Talep 1',2,'BEKLIYOR',1,'2025-12-27 16:11:11','2025-12-27 16:11:11'),(182,2,'BARINMA','Ek Talep 2',3,'BEKLIYOR',2,'2025-12-27 16:11:11','2025-12-27 16:11:11'),(183,3,'SAGLIK','Ek Talep 3',1,'KARSILANIYOR',3,'2025-12-27 16:11:11','2025-12-27 16:11:11'),(184,4,'LOJISTIK','Ek Talep 4',4,'BEKLIYOR',4,'2025-12-27 16:11:11','2025-12-27 16:11:11'),(185,5,'DIGER','Ek Talep 5',2,'TAMAMLANDI',5,'2025-12-27 16:11:11','2025-12-27 16:11:11'),(186,1,'GIDA','Ek Talep 1',2,'BEKLIYOR',1,'2025-12-27 16:11:12','2025-12-27 16:11:12'),(187,2,'BARINMA','Ek Talep 2',3,'BEKLIYOR',2,'2025-12-27 16:11:12','2025-12-27 16:11:12'),(188,3,'SAGLIK','Ek Talep 3',1,'KARSILANIYOR',3,'2025-12-27 16:11:12','2025-12-27 16:11:12'),(189,4,'LOJISTIK','Ek Talep 4',4,'BEKLIYOR',4,'2025-12-27 16:11:12','2025-12-27 16:11:12'),(190,5,'DIGER','Ek Talep 5',2,'TAMAMLANDI',5,'2025-12-27 16:11:12','2025-12-27 16:11:12'),(191,1,'GIDA','Ek Talep 1',2,'BEKLIYOR',1,'2025-12-27 16:23:12','2025-12-27 16:23:12'),(192,2,'BARINMA','Ek Talep 2',3,'BEKLIYOR',2,'2025-12-27 16:23:12','2025-12-27 16:23:12'),(193,3,'SAGLIK','Ek Talep 3',1,'KARSILANIYOR',3,'2025-12-27 16:23:12','2025-12-27 16:23:12'),(194,4,'LOJISTIK','Ek Talep 4',4,'BEKLIYOR',4,'2025-12-27 16:23:12','2025-12-27 16:23:12'),(195,5,'DIGER','Ek Talep 5',2,'TAMAMLANDI',5,'2025-12-27 16:23:12','2025-12-27 16:23:12'),(196,1,'GIDA','Ek Talep 1',2,'BEKLIYOR',1,'2025-12-27 16:23:13','2025-12-27 16:23:13'),(197,2,'BARINMA','Ek Talep 2',3,'BEKLIYOR',2,'2025-12-27 16:23:13','2025-12-27 16:23:13'),(198,3,'SAGLIK','Ek Talep 3',1,'KARSILANIYOR',3,'2025-12-27 16:23:13','2025-12-27 16:23:13'),(199,4,'LOJISTIK','Ek Talep 4',4,'BEKLIYOR',4,'2025-12-27 16:23:13','2025-12-27 16:23:13'),(200,5,'DIGER','Ek Talep 5',2,'TAMAMLANDI',5,'2025-12-27 16:23:13','2025-12-27 16:23:13'),(201,1,'GIDA','Ek Talep 1',2,'BEKLIYOR',1,'2025-12-27 16:23:14','2025-12-27 16:23:14'),(202,2,'BARINMA','Ek Talep 2',3,'BEKLIYOR',2,'2025-12-27 16:23:14','2025-12-27 16:23:14'),(203,3,'SAGLIK','Ek Talep 3',1,'KARSILANIYOR',3,'2025-12-27 16:23:14','2025-12-27 16:23:14'),(204,4,'LOJISTIK','Ek Talep 4',4,'BEKLIYOR',4,'2025-12-27 16:23:14','2025-12-27 16:23:14'),(205,5,'DIGER','Ek Talep 5',2,'TAMAMLANDI',5,'2025-12-27 16:23:14','2025-12-27 16:23:14'),(206,1,'GIDA','Ek Talep 1',2,'BEKLIYOR',1,'2025-12-27 16:26:56','2025-12-27 16:26:56'),(207,2,'BARINMA','Ek Talep 2',3,'BEKLIYOR',2,'2025-12-27 16:26:56','2025-12-27 16:26:56'),(208,3,'SAGLIK','Ek Talep 3',1,'KARSILANIYOR',3,'2025-12-27 16:26:56','2025-12-27 16:26:56'),(209,4,'LOJISTIK','Ek Talep 4',4,'BEKLIYOR',4,'2025-12-27 16:26:56','2025-12-27 16:26:56'),(210,5,'DIGER','Ek Talep 5',2,'TAMAMLANDI',5,'2025-12-27 16:26:56','2025-12-27 16:26:56'),(211,1,'GIDA','Ek Talep 1',2,'BEKLIYOR',1,'2025-12-27 16:26:57','2025-12-27 16:26:57'),(212,2,'BARINMA','Ek Talep 2',3,'BEKLIYOR',2,'2025-12-27 16:26:57','2025-12-27 16:26:57'),(213,3,'SAGLIK','Ek Talep 3',1,'KARSILANIYOR',3,'2025-12-27 16:26:57','2025-12-27 16:26:57'),(214,4,'LOJISTIK','Ek Talep 4',4,'BEKLIYOR',4,'2025-12-27 16:26:57','2025-12-27 16:26:57'),(215,5,'DIGER','Ek Talep 5',2,'TAMAMLANDI',5,'2025-12-27 16:26:57','2025-12-27 16:26:57'),(216,1,'GIDA','Ek Talep 1',2,'BEKLIYOR',1,'2025-12-27 23:07:00','2025-12-27 23:07:00'),(217,2,'BARINMA','Ek Talep 2',3,'BEKLIYOR',2,'2025-12-27 23:07:00','2025-12-27 23:07:00'),(218,3,'SAGLIK','Ek Talep 3',1,'KARSILANIYOR',3,'2025-12-27 23:07:00','2025-12-27 23:07:00'),(219,4,'LOJISTIK','Ek Talep 4',4,'BEKLIYOR',4,'2025-12-27 23:07:00','2025-12-27 23:07:00'),(220,5,'DIGER','Ek Talep 5',2,'TAMAMLANDI',5,'2025-12-27 23:07:00','2025-12-27 23:07:00'),(221,1,'GIDA','Ek Talep 1',2,'BEKLIYOR',1,'2025-12-27 23:07:13','2025-12-27 23:07:13'),(222,2,'BARINMA','Ek Talep 2',3,'BEKLIYOR',2,'2025-12-27 23:07:13','2025-12-27 23:07:13'),(223,3,'SAGLIK','Ek Talep 3',1,'KARSILANIYOR',3,'2025-12-27 23:07:13','2025-12-27 23:07:13'),(224,4,'LOJISTIK','Ek Talep 4',4,'BEKLIYOR',4,'2025-12-27 23:07:13','2025-12-27 23:07:13'),(225,5,'DIGER','Ek Talep 5',2,'TAMAMLANDI',5,'2025-12-27 23:07:13','2025-12-27 23:07:13'),(226,1,'GIDA','Ek Talep 1',2,'BEKLIYOR',1,'2025-12-27 23:07:13','2025-12-27 23:07:13'),(227,2,'BARINMA','Ek Talep 2',3,'BEKLIYOR',2,'2025-12-27 23:07:13','2025-12-27 23:07:13'),(228,3,'SAGLIK','Ek Talep 3',1,'KARSILANIYOR',3,'2025-12-27 23:07:13','2025-12-27 23:07:13'),(229,4,'LOJISTIK','Ek Talep 4',4,'BEKLIYOR',4,'2025-12-27 23:07:13','2025-12-27 23:07:13'),(230,5,'DIGER','Ek Talep 5',2,'TAMAMLANDI',5,'2025-12-27 23:07:13','2025-12-27 23:07:13'),(231,1,'GIDA','Ek Talep 1',2,'BEKLIYOR',1,'2025-12-27 23:09:42','2025-12-27 23:09:42'),(232,2,'BARINMA','Ek Talep 2',3,'BEKLIYOR',2,'2025-12-27 23:09:42','2025-12-27 23:09:42'),(233,3,'SAGLIK','Ek Talep 3',1,'KARSILANIYOR',3,'2025-12-27 23:09:42','2025-12-27 23:09:42'),(234,4,'LOJISTIK','Ek Talep 4',4,'BEKLIYOR',4,'2025-12-27 23:09:42','2025-12-27 23:09:42'),(235,5,'DIGER','Ek Talep 5',2,'TAMAMLANDI',5,'2025-12-27 23:09:42','2025-12-27 23:09:42'),(236,1,'GIDA','Ek Talep 1',2,'BEKLIYOR',1,'2025-12-27 23:09:43','2025-12-27 23:09:43'),(237,2,'BARINMA','Ek Talep 2',3,'BEKLIYOR',2,'2025-12-27 23:09:43','2025-12-27 23:09:43'),(238,3,'SAGLIK','Ek Talep 3',1,'KARSILANIYOR',3,'2025-12-27 23:09:43','2025-12-27 23:09:43'),(239,4,'LOJISTIK','Ek Talep 4',4,'BEKLIYOR',4,'2025-12-27 23:09:43','2025-12-27 23:09:43'),(240,5,'DIGER','Ek Talep 5',2,'TAMAMLANDI',5,'2025-12-27 23:09:43','2025-12-27 23:09:43'),(241,1,'GIDA','Ek Talep 1',2,'BEKLIYOR',1,'2025-12-27 23:10:09','2025-12-27 23:10:09'),(242,2,'BARINMA','Ek Talep 2',3,'BEKLIYOR',2,'2025-12-27 23:10:09','2025-12-27 23:10:09'),(243,3,'SAGLIK','Ek Talep 3',1,'KARSILANIYOR',3,'2025-12-27 23:10:09','2025-12-27 23:10:09'),(244,4,'LOJISTIK','Ek Talep 4',4,'BEKLIYOR',4,'2025-12-27 23:10:09','2025-12-27 23:10:09'),(245,5,'DIGER','Ek Talep 5',2,'TAMAMLANDI',5,'2025-12-27 23:10:09','2025-12-27 23:10:09'),(246,1,'GIDA','Ek Talep 1',2,'BEKLIYOR',1,'2025-12-27 23:10:40','2025-12-27 23:10:40'),(247,2,'BARINMA','Ek Talep 2',3,'BEKLIYOR',2,'2025-12-27 23:10:40','2025-12-27 23:10:40'),(248,3,'SAGLIK','Ek Talep 3',1,'KARSILANIYOR',3,'2025-12-27 23:10:40','2025-12-27 23:10:40'),(249,4,'LOJISTIK','Ek Talep 4',4,'BEKLIYOR',4,'2025-12-27 23:10:40','2025-12-27 23:10:40'),(250,5,'DIGER','Ek Talep 5',2,'TAMAMLANDI',5,'2025-12-27 23:10:40','2025-12-27 23:10:40'),(251,1,'GIDA','Ek Talep 1',2,'BEKLIYOR',1,'2025-12-27 23:10:41','2025-12-27 23:10:41'),(252,2,'BARINMA','Ek Talep 2',3,'BEKLIYOR',2,'2025-12-27 23:10:41','2025-12-27 23:10:41'),(253,3,'SAGLIK','Ek Talep 3',1,'KARSILANIYOR',3,'2025-12-27 23:10:41','2025-12-27 23:10:41'),(254,4,'LOJISTIK','Ek Talep 4',4,'BEKLIYOR',4,'2025-12-27 23:10:41','2025-12-27 23:10:41'),(255,5,'DIGER','Ek Talep 5',2,'TAMAMLANDI',5,'2025-12-27 23:10:41','2025-12-27 23:10:41'),(256,1,'GIDA','Ek Talep 1',2,'BEKLIYOR',1,'2025-12-27 23:10:42','2025-12-27 23:10:42'),(257,2,'BARINMA','Ek Talep 2',3,'BEKLIYOR',2,'2025-12-27 23:10:42','2025-12-27 23:10:42'),(258,3,'SAGLIK','Ek Talep 3',1,'KARSILANIYOR',3,'2025-12-27 23:10:42','2025-12-27 23:10:42'),(259,4,'LOJISTIK','Ek Talep 4',4,'BEKLIYOR',4,'2025-12-27 23:10:42','2025-12-27 23:10:42'),(260,5,'DIGER','Ek Talep 5',2,'TAMAMLANDI',5,'2025-12-27 23:10:42','2025-12-27 23:10:42'),(261,1,'GIDA','Ek Talep 1',2,'BEKLIYOR',1,'2025-12-27 23:31:41','2025-12-27 23:31:41'),(262,2,'BARINMA','Ek Talep 2',3,'BEKLIYOR',2,'2025-12-27 23:31:41','2025-12-27 23:31:41'),(263,3,'SAGLIK','Ek Talep 3',1,'KARSILANIYOR',3,'2025-12-27 23:31:41','2025-12-27 23:31:41'),(264,4,'LOJISTIK','Ek Talep 4',4,'BEKLIYOR',4,'2025-12-27 23:31:41','2025-12-27 23:31:41'),(265,5,'DIGER','Ek Talep 5',2,'TAMAMLANDI',5,'2025-12-27 23:31:41','2025-12-27 23:31:41'),(266,1,'GIDA','Ek Talep 1',2,'BEKLIYOR',1,'2025-12-27 23:31:42','2025-12-27 23:31:42'),(267,2,'BARINMA','Ek Talep 2',3,'BEKLIYOR',2,'2025-12-27 23:31:42','2025-12-27 23:31:42'),(268,3,'SAGLIK','Ek Talep 3',1,'KARSILANIYOR',3,'2025-12-27 23:31:42','2025-12-27 23:31:42'),(269,4,'LOJISTIK','Ek Talep 4',4,'BEKLIYOR',4,'2025-12-27 23:31:42','2025-12-27 23:31:42'),(270,5,'DIGER','Ek Talep 5',2,'TAMAMLANDI',5,'2025-12-27 23:31:42','2025-12-27 23:31:42'),(271,1,'GIDA','Ek Talep 1',2,'BEKLIYOR',1,'2025-12-27 23:31:42','2025-12-27 23:31:42'),(272,2,'BARINMA','Ek Talep 2',3,'BEKLIYOR',2,'2025-12-27 23:31:42','2025-12-27 23:31:42'),(273,3,'SAGLIK','Ek Talep 3',1,'KARSILANIYOR',3,'2025-12-27 23:31:42','2025-12-27 23:31:42'),(274,4,'LOJISTIK','Ek Talep 4',4,'BEKLIYOR',4,'2025-12-27 23:31:42','2025-12-27 23:31:42'),(275,5,'DIGER','Ek Talep 5',2,'TAMAMLANDI',5,'2025-12-27 23:31:42','2025-12-27 23:31:42'),(276,1,'GIDA','Ek Talep 1',2,'BEKLIYOR',1,'2025-12-27 23:33:00','2025-12-27 23:33:00'),(277,2,'BARINMA','Ek Talep 2',3,'BEKLIYOR',2,'2025-12-27 23:33:00','2025-12-27 23:33:00'),(278,3,'SAGLIK','Ek Talep 3',1,'KARSILANIYOR',3,'2025-12-27 23:33:00','2025-12-27 23:33:00'),(279,4,'LOJISTIK','Ek Talep 4',4,'BEKLIYOR',4,'2025-12-27 23:33:00','2025-12-27 23:33:00'),(280,5,'DIGER','Ek Talep 5',2,'TAMAMLANDI',5,'2025-12-27 23:33:00','2025-12-27 23:33:00'),(281,1,'GIDA','Ek Talep 1',2,'BEKLIYOR',1,'2025-12-27 23:33:03','2025-12-27 23:33:03'),(282,2,'BARINMA','Ek Talep 2',3,'BEKLIYOR',2,'2025-12-27 23:33:03','2025-12-27 23:33:03'),(283,3,'SAGLIK','Ek Talep 3',1,'KARSILANIYOR',3,'2025-12-27 23:33:03','2025-12-27 23:33:03'),(284,4,'LOJISTIK','Ek Talep 4',4,'BEKLIYOR',4,'2025-12-27 23:33:03','2025-12-27 23:33:03'),(285,5,'DIGER','Ek Talep 5',2,'TAMAMLANDI',5,'2025-12-27 23:33:03','2025-12-27 23:33:03'),(286,1,'GIDA','Ek Talep 1',2,'BEKLIYOR',1,'2025-12-27 23:34:13','2025-12-27 23:34:13'),(287,2,'BARINMA','Ek Talep 2',3,'BEKLIYOR',2,'2025-12-27 23:34:13','2025-12-27 23:34:13'),(288,3,'SAGLIK','Ek Talep 3',1,'KARSILANIYOR',3,'2025-12-27 23:34:13','2025-12-27 23:34:13'),(289,4,'LOJISTIK','Ek Talep 4',4,'BEKLIYOR',4,'2025-12-27 23:34:13','2025-12-27 23:34:13'),(290,5,'DIGER','Ek Talep 5',2,'TAMAMLANDI',5,'2025-12-27 23:34:13','2025-12-27 23:34:13'),(291,1,'GIDA','Ek Talep 1',2,'BEKLIYOR',1,'2025-12-27 23:34:14','2025-12-27 23:34:14'),(292,2,'BARINMA','Ek Talep 2',3,'BEKLIYOR',2,'2025-12-27 23:34:14','2025-12-27 23:34:14'),(293,3,'SAGLIK','Ek Talep 3',1,'KARSILANIYOR',3,'2025-12-27 23:34:14','2025-12-27 23:34:14'),(294,4,'LOJISTIK','Ek Talep 4',4,'BEKLIYOR',4,'2025-12-27 23:34:14','2025-12-27 23:34:14'),(295,5,'DIGER','Ek Talep 5',2,'TAMAMLANDI',5,'2025-12-27 23:34:14','2025-12-27 23:34:14'),(296,1,'GIDA','Ek Talep 1',2,'BEKLIYOR',1,'2025-12-27 23:34:14','2025-12-27 23:34:14'),(297,2,'BARINMA','Ek Talep 2',3,'BEKLIYOR',2,'2025-12-27 23:34:14','2025-12-27 23:34:14'),(298,3,'SAGLIK','Ek Talep 3',1,'KARSILANIYOR',3,'2025-12-27 23:34:14','2025-12-27 23:34:14'),(299,4,'LOJISTIK','Ek Talep 4',4,'BEKLIYOR',4,'2025-12-27 23:34:14','2025-12-27 23:34:14'),(300,5,'DIGER','Ek Talep 5',2,'TAMAMLANDI',5,'2025-12-27 23:34:14','2025-12-27 23:34:14'),(301,1,'GIDA','Ek Talep 1',2,'BEKLIYOR',1,'2025-12-27 23:36:34','2025-12-27 23:36:34'),(302,2,'BARINMA','Ek Talep 2',3,'BEKLIYOR',2,'2025-12-27 23:36:34','2025-12-27 23:36:34'),(303,3,'SAGLIK','Ek Talep 3',1,'KARSILANIYOR',3,'2025-12-27 23:36:34','2025-12-27 23:36:34'),(304,4,'LOJISTIK','Ek Talep 4',4,'BEKLIYOR',4,'2025-12-27 23:36:34','2025-12-27 23:36:34'),(305,5,'DIGER','Ek Talep 5',2,'TAMAMLANDI',5,'2025-12-27 23:36:34','2025-12-27 23:36:34'),(306,1,'GIDA','Ek Talep 1',2,'BEKLIYOR',1,'2025-12-27 23:37:12','2025-12-27 23:37:12'),(307,2,'BARINMA','Ek Talep 2',3,'BEKLIYOR',2,'2025-12-27 23:37:12','2025-12-27 23:37:12'),(308,3,'SAGLIK','Ek Talep 3',1,'KARSILANIYOR',3,'2025-12-27 23:37:12','2025-12-27 23:37:12'),(309,4,'LOJISTIK','Ek Talep 4',4,'BEKLIYOR',4,'2025-12-27 23:37:12','2025-12-27 23:37:12'),(310,5,'DIGER','Ek Talep 5',2,'TAMAMLANDI',5,'2025-12-27 23:37:12','2025-12-27 23:37:12'),(311,1,'GIDA','Ek Talep 1',2,'BEKLIYOR',1,'2025-12-27 23:45:42','2025-12-27 23:45:42'),(312,2,'BARINMA','Ek Talep 2',3,'BEKLIYOR',2,'2025-12-27 23:45:42','2025-12-27 23:45:42'),(313,3,'SAGLIK','Ek Talep 3',1,'KARSILANIYOR',3,'2025-12-27 23:45:42','2025-12-27 23:45:42'),(314,4,'LOJISTIK','Ek Talep 4',4,'BEKLIYOR',4,'2025-12-27 23:45:42','2025-12-27 23:45:42'),(315,5,'DIGER','Ek Talep 5',2,'TAMAMLANDI',5,'2025-12-27 23:45:42','2025-12-27 23:45:42'),(316,1,'GIDA','Ek Talep 1',2,'BEKLIYOR',1,'2025-12-27 23:51:28','2025-12-27 23:51:28'),(317,2,'BARINMA','Ek Talep 2',3,'BEKLIYOR',2,'2025-12-27 23:51:28','2025-12-27 23:51:28'),(318,3,'SAGLIK','Ek Talep 3',1,'KARSILANIYOR',3,'2025-12-27 23:51:28','2025-12-27 23:51:28'),(319,4,'LOJISTIK','Ek Talep 4',4,'BEKLIYOR',4,'2025-12-27 23:51:28','2025-12-27 23:51:28'),(320,5,'DIGER','Ek Talep 5',2,'TAMAMLANDI',5,'2025-12-27 23:51:28','2025-12-27 23:51:28'),(321,1,'GIDA','Ek Talep 1',2,'BEKLIYOR',1,'2025-12-28 00:00:40','2025-12-28 00:00:40'),(322,2,'BARINMA','Ek Talep 2',3,'BEKLIYOR',2,'2025-12-28 00:00:40','2025-12-28 00:00:40'),(323,3,'SAGLIK','Ek Talep 3',1,'KARSILANIYOR',3,'2025-12-28 00:00:40','2025-12-28 00:00:40'),(324,4,'LOJISTIK','Ek Talep 4',4,'BEKLIYOR',4,'2025-12-28 00:00:40','2025-12-28 00:00:40'),(325,5,'DIGER','Ek Talep 5',2,'TAMAMLANDI',5,'2025-12-28 00:00:40','2025-12-28 00:00:40'),(326,1,'GIDA','Ek Talep 1',2,'BEKLIYOR',1,'2025-12-28 00:12:07','2025-12-28 00:12:07'),(327,2,'BARINMA','Ek Talep 2',3,'BEKLIYOR',2,'2025-12-28 00:12:07','2025-12-28 00:12:07'),(328,3,'SAGLIK','Ek Talep 3',1,'KARSILANIYOR',3,'2025-12-28 00:12:07','2025-12-28 00:12:07'),(329,4,'LOJISTIK','Ek Talep 4',4,'BEKLIYOR',4,'2025-12-28 00:12:07','2025-12-28 00:12:07'),(330,5,'DIGER','Ek Talep 5',2,'TAMAMLANDI',5,'2025-12-28 00:12:07','2025-12-28 00:12:07'),(331,1,'GIDA','Ek Talep 1',2,'BEKLIYOR',1,'2025-12-28 22:56:57','2025-12-28 22:56:57'),(332,2,'BARINMA','Ek Talep 2',3,'BEKLIYOR',2,'2025-12-28 22:56:57','2025-12-28 22:56:57'),(333,3,'SAGLIK','Ek Talep 3',1,'KARSILANIYOR',3,'2025-12-28 22:56:57','2025-12-28 22:56:57'),(334,4,'LOJISTIK','Ek Talep 4',4,'BEKLIYOR',4,'2025-12-28 22:56:57','2025-12-28 22:56:57'),(335,5,'DIGER','Ek Talep 5',2,'TAMAMLANDI',5,'2025-12-28 22:56:57','2025-12-28 22:56:57');
/*!40000 ALTER TABLE `talepler` ENABLE KEYS */;
UNLOCK TABLES;

--
-- Table structure for table `talepler_kopya`
--

DROP TABLE IF EXISTS `talepler_kopya`;
/*!40101 SET @saved_cs_client     = @@character_set_client */;
/*!50503 SET character_set_client = utf8mb4 */;
CREATE TABLE `talepler_kopya` (
  `id` int NOT NULL DEFAULT '0',
  `olay_id` int NOT NULL,
  `talep_turu` enum('GIDA','BARINMA','SAGLIK','LOJISTIK','DIGER') COLLATE utf8mb4_turkish_ci NOT NULL,
  `aciklama` varchar(255) COLLATE utf8mb4_turkish_ci DEFAULT NULL,
  `miktar` int NOT NULL,
  `durum` enum('BEKLIYOR','KARSILANIYOR','TAMAMLANDI') COLLATE utf8mb4_turkish_ci DEFAULT 'BEKLIYOR',
  `olusturan_kullanici_id` int DEFAULT NULL,
  `created_at` datetime DEFAULT CURRENT_TIMESTAMP,
  `updated_at` datetime DEFAULT CURRENT_TIMESTAMP ON UPDATE CURRENT_TIMESTAMP
) ENGINE=InnoDB DEFAULT CHARSET=utf8mb4 COLLATE=utf8mb4_turkish_ci;
/*!40101 SET character_set_client = @saved_cs_client */;

--
-- Dumping data for table `talepler_kopya`
--

LOCK TABLES `talepler_kopya` WRITE;
/*!40000 ALTER TABLE `talepler_kopya` DISABLE KEYS */;
INSERT INTO `talepler_kopya` VALUES (1,1,'GIDA','Talep 1',2,'BEKLIYOR',1,'2025-12-21 01:14:36','2025-12-21 01:14:36'),(2,2,'BARINMA','Talep 2',3,'KARSILANIYOR',2,'2025-12-21 01:14:36','2025-12-21 01:14:36'),(3,3,'SAGLIK','Talep 3',1,'TAMAMLANDI',3,'2025-12-21 01:14:36','2025-12-21 01:14:36'),(4,4,'LOJISTIK','Talep 4',4,'BEKLIYOR',4,'2025-12-21 01:14:36','2025-12-21 01:14:36'),(5,5,'GIDA','Talep 5',5,'TAMAMLANDI',5,'2025-12-21 01:14:36','2025-12-21 01:14:36'),(6,6,'BARINMA','Talep 6',2,'BEKLIYOR',6,'2025-12-21 01:14:36','2025-12-21 01:14:36'),(7,7,'SAGLIK','Talep 7',3,'KARSILANIYOR',7,'2025-12-21 01:14:36','2025-12-21 01:14:36'),(8,8,'LOJISTIK','Talep 8',1,'BEKLIYOR',8,'2025-12-21 01:14:36','2025-12-21 01:14:36'),(9,9,'GIDA','Talep 9',4,'TAMAMLANDI',9,'2025-12-21 01:14:36','2025-12-21 01:14:36'),(10,10,'BARINMA','Talep 10',2,'BEKLIYOR',10,'2025-12-21 01:14:36','2025-12-21 01:14:36'),(11,11,'SAGLIK','Talep 11',5,'KARSILANIYOR',11,'2025-12-21 01:14:36','2025-12-21 01:14:36'),(12,12,'LOJISTIK','Talep 12',3,'BEKLIYOR',12,'2025-12-21 01:14:36','2025-12-21 01:14:36'),(13,13,'GIDA','Talep 13',1,'BEKLIYOR',13,'2025-12-21 01:14:36','2025-12-21 01:14:36'),(14,14,'BARINMA','Talep 14',4,'TAMAMLANDI',14,'2025-12-21 01:14:36','2025-12-21 01:14:36'),(15,15,'SAGLIK','Talep 15',2,'KARSILANIYOR',15,'2025-12-21 01:14:36','2025-12-21 01:14:36'),(16,16,'LOJISTIK','Talep 16',5,'BEKLIYOR',16,'2025-12-21 01:14:36','2025-12-21 01:14:36'),(17,17,'GIDA','Talep 17',3,'TAMAMLANDI',17,'2025-12-21 01:14:36','2025-12-21 01:14:36'),(18,18,'BARINMA','Talep 18',1,'BEKLIYOR',18,'2025-12-21 01:14:36','2025-12-21 01:14:36'),(19,19,'SAGLIK','Talep 19',4,'KARSILANIYOR',19,'2025-12-21 01:14:36','2025-12-21 01:14:36'),(20,20,'LOJISTIK','Talep 20',2,'BEKLIYOR',20,'2025-12-21 01:14:36','2025-12-21 01:14:36'),(21,21,'GIDA','Talep 21',5,'TAMAMLANDI',21,'2025-12-21 01:14:36','2025-12-21 01:14:36'),(22,22,'BARINMA','Talep 22',3,'BEKLIYOR',22,'2025-12-21 01:14:36','2025-12-21 01:14:36'),(23,23,'SAGLIK','Talep 23',1,'KARSILANIYOR',23,'2025-12-21 01:14:36','2025-12-21 01:14:36'),(24,24,'LOJISTIK','Talep 24',4,'BEKLIYOR',24,'2025-12-21 01:14:36','2025-12-21 01:14:36'),(25,25,'GIDA','Talep 25',2,'TAMAMLANDI',25,'2025-12-21 01:14:36','2025-12-21 01:14:36'),(26,26,'BARINMA','Talep 26',5,'BEKLIYOR',26,'2025-12-21 01:14:36','2025-12-21 01:14:36'),(27,27,'SAGLIK','Talep 27',3,'KARSILANIYOR',27,'2025-12-21 01:14:36','2025-12-21 01:14:36'),(28,28,'LOJISTIK','Talep 28',1,'BEKLIYOR',28,'2025-12-21 01:14:36','2025-12-21 01:14:36'),(29,29,'GIDA','Talep 29',4,'TAMAMLANDI',29,'2025-12-21 01:14:36','2025-12-21 01:14:36'),(30,30,'BARINMA','Talep 30',2,'BEKLIYOR',30,'2025-12-21 01:14:36','2025-12-21 01:14:36'),(31,1,'GIDA','Ek Talep 1',2,'BEKLIYOR',1,'2025-12-27 15:30:35','2025-12-27 15:30:35'),(32,2,'BARINMA','Ek Talep 2',3,'BEKLIYOR',2,'2025-12-27 15:30:35','2025-12-27 15:30:35'),(33,3,'SAGLIK','Ek Talep 3',1,'KARSILANIYOR',3,'2025-12-27 15:30:35','2025-12-27 15:30:35'),(34,4,'LOJISTIK','Ek Talep 4',4,'BEKLIYOR',4,'2025-12-27 15:30:35','2025-12-27 15:30:35'),(35,5,'DIGER','Ek Talep 5',2,'TAMAMLANDI',5,'2025-12-27 15:30:35','2025-12-27 15:30:35'),(36,1,'GIDA','Ek Talep 1',2,'BEKLIYOR',1,'2025-12-27 15:51:36','2025-12-27 15:51:36'),(37,2,'BARINMA','Ek Talep 2',3,'BEKLIYOR',2,'2025-12-27 15:51:36','2025-12-27 15:51:36'),(38,3,'SAGLIK','Ek Talep 3',1,'KARSILANIYOR',3,'2025-12-27 15:51:36','2025-12-27 15:51:36'),(39,4,'LOJISTIK','Ek Talep 4',4,'BEKLIYOR',4,'2025-12-27 15:51:36','2025-12-27 15:51:36'),(40,5,'DIGER','Ek Talep 5',2,'TAMAMLANDI',5,'2025-12-27 15:51:36','2025-12-27 15:51:36'),(41,1,'GIDA','Ek Talep 1',2,'BEKLIYOR',1,'2025-12-27 15:57:35','2025-12-27 15:57:35'),(42,2,'BARINMA','Ek Talep 2',3,'BEKLIYOR',2,'2025-12-27 15:57:35','2025-12-27 15:57:35'),(43,3,'SAGLIK','Ek Talep 3',1,'KARSILANIYOR',3,'2025-12-27 15:57:35','2025-12-27 15:57:35'),(44,4,'LOJISTIK','Ek Talep 4',4,'BEKLIYOR',4,'2025-12-27 15:57:35','2025-12-27 15:57:35'),(45,5,'DIGER','Ek Talep 5',2,'TAMAMLANDI',5,'2025-12-27 15:57:35','2025-12-27 15:57:35'),(46,1,'GIDA','Ek Talep 1',2,'BEKLIYOR',1,'2025-12-27 15:57:39','2025-12-27 15:57:39'),(47,2,'BARINMA','Ek Talep 2',3,'BEKLIYOR',2,'2025-12-27 15:57:39','2025-12-27 15:57:39'),(48,3,'SAGLIK','Ek Talep 3',1,'KARSILANIYOR',3,'2025-12-27 15:57:39','2025-12-27 15:57:39'),(49,4,'LOJISTIK','Ek Talep 4',4,'BEKLIYOR',4,'2025-12-27 15:57:39','2025-12-27 15:57:39'),(50,5,'DIGER','Ek Talep 5',2,'TAMAMLANDI',5,'2025-12-27 15:57:39','2025-12-27 15:57:39'),(51,1,'GIDA','Ek Talep 1',2,'BEKLIYOR',1,'2025-12-27 15:57:40','2025-12-27 15:57:40'),(52,2,'BARINMA','Ek Talep 2',3,'BEKLIYOR',2,'2025-12-27 15:57:40','2025-12-27 15:57:40'),(53,3,'SAGLIK','Ek Talep 3',1,'KARSILANIYOR',3,'2025-12-27 15:57:40','2025-12-27 15:57:40'),(54,4,'LOJISTIK','Ek Talep 4',4,'BEKLIYOR',4,'2025-12-27 15:57:40','2025-12-27 15:57:40'),(55,5,'DIGER','Ek Talep 5',2,'TAMAMLANDI',5,'2025-12-27 15:57:40','2025-12-27 15:57:40'),(56,1,'GIDA','Ek Talep 1',2,'BEKLIYOR',1,'2025-12-27 15:58:02','2025-12-27 15:58:02'),(57,2,'BARINMA','Ek Talep 2',3,'BEKLIYOR',2,'2025-12-27 15:58:02','2025-12-27 15:58:02'),(58,3,'SAGLIK','Ek Talep 3',1,'KARSILANIYOR',3,'2025-12-27 15:58:02','2025-12-27 15:58:02'),(59,4,'LOJISTIK','Ek Talep 4',4,'BEKLIYOR',4,'2025-12-27 15:58:02','2025-12-27 15:58:02'),(60,5,'DIGER','Ek Talep 5',2,'TAMAMLANDI',5,'2025-12-27 15:58:02','2025-12-27 15:58:02'),(61,1,'GIDA','Ek Talep 1',2,'BEKLIYOR',1,'2025-12-27 16:06:56','2025-12-27 16:06:56'),(62,2,'BARINMA','Ek Talep 2',3,'BEKLIYOR',2,'2025-12-27 16:06:56','2025-12-27 16:06:56'),(63,3,'SAGLIK','Ek Talep 3',1,'KARSILANIYOR',3,'2025-12-27 16:06:56','2025-12-27 16:06:56'),(64,4,'LOJISTIK','Ek Talep 4',4,'BEKLIYOR',4,'2025-12-27 16:06:56','2025-12-27 16:06:56'),(65,5,'DIGER','Ek Talep 5',2,'TAMAMLANDI',5,'2025-12-27 16:06:56','2025-12-27 16:06:56'),(66,1,'GIDA','Ek Talep 1',2,'BEKLIYOR',1,'2025-12-27 16:06:58','2025-12-27 16:06:58'),(67,2,'BARINMA','Ek Talep 2',3,'BEKLIYOR',2,'2025-12-27 16:06:58','2025-12-27 16:06:58'),(68,3,'SAGLIK','Ek Talep 3',1,'KARSILANIYOR',3,'2025-12-27 16:06:58','2025-12-27 16:06:58'),(69,4,'LOJISTIK','Ek Talep 4',4,'BEKLIYOR',4,'2025-12-27 16:06:58','2025-12-27 16:06:58'),(70,5,'DIGER','Ek Talep 5',2,'TAMAMLANDI',5,'2025-12-27 16:06:58','2025-12-27 16:06:58'),(71,1,'GIDA','Ek Talep 1',2,'BEKLIYOR',1,'2025-12-27 16:07:04','2025-12-27 16:07:04'),(72,2,'BARINMA','Ek Talep 2',3,'BEKLIYOR',2,'2025-12-27 16:07:04','2025-12-27 16:07:04'),(73,3,'SAGLIK','Ek Talep 3',1,'KARSILANIYOR',3,'2025-12-27 16:07:04','2025-12-27 16:07:04'),(74,4,'LOJISTIK','Ek Talep 4',4,'BEKLIYOR',4,'2025-12-27 16:07:04','2025-12-27 16:07:04'),(75,5,'DIGER','Ek Talep 5',2,'TAMAMLANDI',5,'2025-12-27 16:07:04','2025-12-27 16:07:04'),(76,1,'GIDA','Ek Talep 1',2,'BEKLIYOR',1,'2025-12-27 16:07:07','2025-12-27 16:07:07'),(77,2,'BARINMA','Ek Talep 2',3,'BEKLIYOR',2,'2025-12-27 16:07:07','2025-12-27 16:07:07'),(78,3,'SAGLIK','Ek Talep 3',1,'KARSILANIYOR',3,'2025-12-27 16:07:07','2025-12-27 16:07:07'),(79,4,'LOJISTIK','Ek Talep 4',4,'BEKLIYOR',4,'2025-12-27 16:07:07','2025-12-27 16:07:07'),(80,5,'DIGER','Ek Talep 5',2,'TAMAMLANDI',5,'2025-12-27 16:07:07','2025-12-27 16:07:07'),(81,1,'GIDA','Ek Talep 1',2,'BEKLIYOR',1,'2025-12-27 16:07:08','2025-12-27 16:07:08'),(82,2,'BARINMA','Ek Talep 2',3,'BEKLIYOR',2,'2025-12-27 16:07:08','2025-12-27 16:07:08'),(83,3,'SAGLIK','Ek Talep 3',1,'KARSILANIYOR',3,'2025-12-27 16:07:08','2025-12-27 16:07:08'),(84,4,'LOJISTIK','Ek Talep 4',4,'BEKLIYOR',4,'2025-12-27 16:07:08','2025-12-27 16:07:08'),(85,5,'DIGER','Ek Talep 5',2,'TAMAMLANDI',5,'2025-12-27 16:07:08','2025-12-27 16:07:08'),(86,1,'GIDA','Ek Talep 1',2,'BEKLIYOR',1,'2025-12-27 16:07:38','2025-12-27 16:07:38'),(87,2,'BARINMA','Ek Talep 2',3,'BEKLIYOR',2,'2025-12-27 16:07:38','2025-12-27 16:07:38'),(88,3,'SAGLIK','Ek Talep 3',1,'KARSILANIYOR',3,'2025-12-27 16:07:38','2025-12-27 16:07:38'),(89,4,'LOJISTIK','Ek Talep 4',4,'BEKLIYOR',4,'2025-12-27 16:07:38','2025-12-27 16:07:38'),(90,5,'DIGER','Ek Talep 5',2,'TAMAMLANDI',5,'2025-12-27 16:07:38','2025-12-27 16:07:38'),(91,1,'GIDA','Ek Talep 1',2,'BEKLIYOR',1,'2025-12-27 16:07:39','2025-12-27 16:07:39'),(92,2,'BARINMA','Ek Talep 2',3,'BEKLIYOR',2,'2025-12-27 16:07:39','2025-12-27 16:07:39'),(93,3,'SAGLIK','Ek Talep 3',1,'KARSILANIYOR',3,'2025-12-27 16:07:39','2025-12-27 16:07:39'),(94,4,'LOJISTIK','Ek Talep 4',4,'BEKLIYOR',4,'2025-12-27 16:07:39','2025-12-27 16:07:39'),(95,5,'DIGER','Ek Talep 5',2,'TAMAMLANDI',5,'2025-12-27 16:07:39','2025-12-27 16:07:39'),(96,1,'GIDA','Ek Talep 1',2,'BEKLIYOR',1,'2025-12-27 16:07:44','2025-12-27 16:07:44'),(97,2,'BARINMA','Ek Talep 2',3,'BEKLIYOR',2,'2025-12-27 16:07:44','2025-12-27 16:07:44'),(98,3,'SAGLIK','Ek Talep 3',1,'KARSILANIYOR',3,'2025-12-27 16:07:44','2025-12-27 16:07:44'),(99,4,'LOJISTIK','Ek Talep 4',4,'BEKLIYOR',4,'2025-12-27 16:07:44','2025-12-27 16:07:44'),(100,5,'DIGER','Ek Talep 5',2,'TAMAMLANDI',5,'2025-12-27 16:07:44','2025-12-27 16:07:44'),(101,1,'GIDA','Ek Talep 1',2,'BEKLIYOR',1,'2025-12-27 16:07:45','2025-12-27 16:07:45'),(102,2,'BARINMA','Ek Talep 2',3,'BEKLIYOR',2,'2025-12-27 16:07:45','2025-12-27 16:07:45'),(103,3,'SAGLIK','Ek Talep 3',1,'KARSILANIYOR',3,'2025-12-27 16:07:45','2025-12-27 16:07:45'),(104,4,'LOJISTIK','Ek Talep 4',4,'BEKLIYOR',4,'2025-12-27 16:07:45','2025-12-27 16:07:45'),(105,5,'DIGER','Ek Talep 5',2,'TAMAMLANDI',5,'2025-12-27 16:07:45','2025-12-27 16:07:45'),(106,1,'GIDA','Ek Talep 1',2,'BEKLIYOR',1,'2025-12-27 16:07:45','2025-12-27 16:07:45'),(107,2,'BARINMA','Ek Talep 2',3,'BEKLIYOR',2,'2025-12-27 16:07:45','2025-12-27 16:07:45'),(108,3,'SAGLIK','Ek Talep 3',1,'KARSILANIYOR',3,'2025-12-27 16:07:45','2025-12-27 16:07:45'),(109,4,'LOJISTIK','Ek Talep 4',4,'BEKLIYOR',4,'2025-12-27 16:07:45','2025-12-27 16:07:45'),(110,5,'DIGER','Ek Talep 5',2,'TAMAMLANDI',5,'2025-12-27 16:07:45','2025-12-27 16:07:45'),(111,1,'GIDA','Ek Talep 1',2,'BEKLIYOR',1,'2025-12-27 16:07:55','2025-12-27 16:07:55'),(112,2,'BARINMA','Ek Talep 2',3,'BEKLIYOR',2,'2025-12-27 16:07:55','2025-12-27 16:07:55'),(113,3,'SAGLIK','Ek Talep 3',1,'KARSILANIYOR',3,'2025-12-27 16:07:55','2025-12-27 16:07:55'),(114,4,'LOJISTIK','Ek Talep 4',4,'BEKLIYOR',4,'2025-12-27 16:07:55','2025-12-27 16:07:55'),(115,5,'DIGER','Ek Talep 5',2,'TAMAMLANDI',5,'2025-12-27 16:07:55','2025-12-27 16:07:55'),(116,1,'GIDA','Ek Talep 1',2,'BEKLIYOR',1,'2025-12-27 16:07:55','2025-12-27 16:07:55'),(117,2,'BARINMA','Ek Talep 2',3,'BEKLIYOR',2,'2025-12-27 16:07:55','2025-12-27 16:07:55'),(118,3,'SAGLIK','Ek Talep 3',1,'KARSILANIYOR',3,'2025-12-27 16:07:55','2025-12-27 16:07:55'),(119,4,'LOJISTIK','Ek Talep 4',4,'BEKLIYOR',4,'2025-12-27 16:07:55','2025-12-27 16:07:55'),(120,5,'DIGER','Ek Talep 5',2,'TAMAMLANDI',5,'2025-12-27 16:07:55','2025-12-27 16:07:55'),(121,1,'GIDA','Ek Talep 1',2,'BEKLIYOR',1,'2025-12-27 16:07:56','2025-12-27 16:07:56'),(122,2,'BARINMA','Ek Talep 2',3,'BEKLIYOR',2,'2025-12-27 16:07:56','2025-12-27 16:07:56'),(123,3,'SAGLIK','Ek Talep 3',1,'KARSILANIYOR',3,'2025-12-27 16:07:56','2025-12-27 16:07:56'),(124,4,'LOJISTIK','Ek Talep 4',4,'BEKLIYOR',4,'2025-12-27 16:07:56','2025-12-27 16:07:56'),(125,5,'DIGER','Ek Talep 5',2,'TAMAMLANDI',5,'2025-12-27 16:07:56','2025-12-27 16:07:56'),(126,1,'GIDA','Ek Talep 1',2,'BEKLIYOR',1,'2025-12-27 16:07:56','2025-12-27 16:07:56'),(127,2,'BARINMA','Ek Talep 2',3,'BEKLIYOR',2,'2025-12-27 16:07:56','2025-12-27 16:07:56'),(128,3,'SAGLIK','Ek Talep 3',1,'KARSILANIYOR',3,'2025-12-27 16:07:56','2025-12-27 16:07:56'),(129,4,'LOJISTIK','Ek Talep 4',4,'BEKLIYOR',4,'2025-12-27 16:07:56','2025-12-27 16:07:56'),(130,5,'DIGER','Ek Talep 5',2,'TAMAMLANDI',5,'2025-12-27 16:07:56','2025-12-27 16:07:56'),(131,1,'GIDA','Ek Talep 1',2,'BEKLIYOR',1,'2025-12-27 16:07:59','2025-12-27 16:07:59'),(132,2,'BARINMA','Ek Talep 2',3,'BEKLIYOR',2,'2025-12-27 16:07:59','2025-12-27 16:07:59'),(133,3,'SAGLIK','Ek Talep 3',1,'KARSILANIYOR',3,'2025-12-27 16:07:59','2025-12-27 16:07:59'),(134,4,'LOJISTIK','Ek Talep 4',4,'BEKLIYOR',4,'2025-12-27 16:07:59','2025-12-27 16:07:59'),(135,5,'DIGER','Ek Talep 5',2,'TAMAMLANDI',5,'2025-12-27 16:07:59','2025-12-27 16:07:59'),(136,1,'GIDA','Ek Talep 1',2,'BEKLIYOR',1,'2025-12-27 16:07:59','2025-12-27 16:07:59'),(137,2,'BARINMA','Ek Talep 2',3,'BEKLIYOR',2,'2025-12-27 16:07:59','2025-12-27 16:07:59'),(138,3,'SAGLIK','Ek Talep 3',1,'KARSILANIYOR',3,'2025-12-27 16:07:59','2025-12-27 16:07:59'),(139,4,'LOJISTIK','Ek Talep 4',4,'BEKLIYOR',4,'2025-12-27 16:07:59','2025-12-27 16:07:59'),(140,5,'DIGER','Ek Talep 5',2,'TAMAMLANDI',5,'2025-12-27 16:07:59','2025-12-27 16:07:59'),(141,1,'GIDA','Ek Talep 1',2,'BEKLIYOR',1,'2025-12-27 16:08:00','2025-12-27 16:08:00'),(142,2,'BARINMA','Ek Talep 2',3,'BEKLIYOR',2,'2025-12-27 16:08:00','2025-12-27 16:08:00'),(143,3,'SAGLIK','Ek Talep 3',1,'KARSILANIYOR',3,'2025-12-27 16:08:00','2025-12-27 16:08:00'),(144,4,'LOJISTIK','Ek Talep 4',4,'BEKLIYOR',4,'2025-12-27 16:08:00','2025-12-27 16:08:00'),(145,5,'DIGER','Ek Talep 5',2,'TAMAMLANDI',5,'2025-12-27 16:08:00','2025-12-27 16:08:00'),(146,1,'GIDA','Ek Talep 1',2,'BEKLIYOR',1,'2025-12-27 16:08:01','2025-12-27 16:08:01'),(147,2,'BARINMA','Ek Talep 2',3,'BEKLIYOR',2,'2025-12-27 16:08:01','2025-12-27 16:08:01'),(148,3,'SAGLIK','Ek Talep 3',1,'KARSILANIYOR',3,'2025-12-27 16:08:01','2025-12-27 16:08:01'),(149,4,'LOJISTIK','Ek Talep 4',4,'BEKLIYOR',4,'2025-12-27 16:08:01','2025-12-27 16:08:01'),(150,5,'DIGER','Ek Talep 5',2,'TAMAMLANDI',5,'2025-12-27 16:08:01','2025-12-27 16:08:01'),(151,1,'GIDA','Ek Talep 1',2,'BEKLIYOR',1,'2025-12-27 16:08:02','2025-12-27 16:08:02'),(152,2,'BARINMA','Ek Talep 2',3,'BEKLIYOR',2,'2025-12-27 16:08:02','2025-12-27 16:08:02'),(153,3,'SAGLIK','Ek Talep 3',1,'KARSILANIYOR',3,'2025-12-27 16:08:02','2025-12-27 16:08:02'),(154,4,'LOJISTIK','Ek Talep 4',4,'BEKLIYOR',4,'2025-12-27 16:08:02','2025-12-27 16:08:02'),(155,5,'DIGER','Ek Talep 5',2,'TAMAMLANDI',5,'2025-12-27 16:08:02','2025-12-27 16:08:02'),(156,1,'GIDA','Ek Talep 1',2,'BEKLIYOR',1,'2025-12-27 16:09:52','2025-12-27 16:09:52'),(157,2,'BARINMA','Ek Talep 2',3,'BEKLIYOR',2,'2025-12-27 16:09:52','2025-12-27 16:09:52'),(158,3,'SAGLIK','Ek Talep 3',1,'KARSILANIYOR',3,'2025-12-27 16:09:52','2025-12-27 16:09:52'),(159,4,'LOJISTIK','Ek Talep 4',4,'BEKLIYOR',4,'2025-12-27 16:09:52','2025-12-27 16:09:52'),(160,5,'DIGER','Ek Talep 5',2,'TAMAMLANDI',5,'2025-12-27 16:09:52','2025-12-27 16:09:52'),(161,1,'GIDA','Ek Talep 1',2,'BEKLIYOR',1,'2025-12-27 16:09:53','2025-12-27 16:09:53'),(162,2,'BARINMA','Ek Talep 2',3,'BEKLIYOR',2,'2025-12-27 16:09:53','2025-12-27 16:09:53'),(163,3,'SAGLIK','Ek Talep 3',1,'KARSILANIYOR',3,'2025-12-27 16:09:53','2025-12-27 16:09:53'),(164,4,'LOJISTIK','Ek Talep 4',4,'BEKLIYOR',4,'2025-12-27 16:09:53','2025-12-27 16:09:53'),(165,5,'DIGER','Ek Talep 5',2,'TAMAMLANDI',5,'2025-12-27 16:09:53','2025-12-27 16:09:53'),(166,1,'GIDA','Ek Talep 1',2,'BEKLIYOR',1,'2025-12-27 16:10:31','2025-12-27 16:10:31'),(167,2,'BARINMA','Ek Talep 2',3,'BEKLIYOR',2,'2025-12-27 16:10:31','2025-12-27 16:10:31'),(168,3,'SAGLIK','Ek Talep 3',1,'KARSILANIYOR',3,'2025-12-27 16:10:31','2025-12-27 16:10:31'),(169,4,'LOJISTIK','Ek Talep 4',4,'BEKLIYOR',4,'2025-12-27 16:10:31','2025-12-27 16:10:31'),(170,5,'DIGER','Ek Talep 5',2,'TAMAMLANDI',5,'2025-12-27 16:10:31','2025-12-27 16:10:31'),(171,1,'GIDA','Ek Talep 1',2,'BEKLIYOR',1,'2025-12-27 16:10:32','2025-12-27 16:10:32'),(172,2,'BARINMA','Ek Talep 2',3,'BEKLIYOR',2,'2025-12-27 16:10:32','2025-12-27 16:10:32'),(173,3,'SAGLIK','Ek Talep 3',1,'KARSILANIYOR',3,'2025-12-27 16:10:32','2025-12-27 16:10:32'),(174,4,'LOJISTIK','Ek Talep 4',4,'BEKLIYOR',4,'2025-12-27 16:10:32','2025-12-27 16:10:32'),(175,5,'DIGER','Ek Talep 5',2,'TAMAMLANDI',5,'2025-12-27 16:10:32','2025-12-27 16:10:32'),(176,1,'GIDA','Ek Talep 1',2,'BEKLIYOR',1,'2025-12-27 16:11:11','2025-12-27 16:11:11'),(177,2,'BARINMA','Ek Talep 2',3,'BEKLIYOR',2,'2025-12-27 16:11:11','2025-12-27 16:11:11'),(178,3,'SAGLIK','Ek Talep 3',1,'KARSILANIYOR',3,'2025-12-27 16:11:11','2025-12-27 16:11:11'),(179,4,'LOJISTIK','Ek Talep 4',4,'BEKLIYOR',4,'2025-12-27 16:11:11','2025-12-27 16:11:11'),(180,5,'DIGER','Ek Talep 5',2,'TAMAMLANDI',5,'2025-12-27 16:11:11','2025-12-27 16:11:11'),(181,1,'GIDA','Ek Talep 1',2,'BEKLIYOR',1,'2025-12-27 16:11:11','2025-12-27 16:11:11'),(182,2,'BARINMA','Ek Talep 2',3,'BEKLIYOR',2,'2025-12-27 16:11:11','2025-12-27 16:11:11'),(183,3,'SAGLIK','Ek Talep 3',1,'KARSILANIYOR',3,'2025-12-27 16:11:11','2025-12-27 16:11:11'),(184,4,'LOJISTIK','Ek Talep 4',4,'BEKLIYOR',4,'2025-12-27 16:11:11','2025-12-27 16:11:11'),(185,5,'DIGER','Ek Talep 5',2,'TAMAMLANDI',5,'2025-12-27 16:11:11','2025-12-27 16:11:11'),(186,1,'GIDA','Ek Talep 1',2,'BEKLIYOR',1,'2025-12-27 16:11:12','2025-12-27 16:11:12'),(187,2,'BARINMA','Ek Talep 2',3,'BEKLIYOR',2,'2025-12-27 16:11:12','2025-12-27 16:11:12'),(188,3,'SAGLIK','Ek Talep 3',1,'KARSILANIYOR',3,'2025-12-27 16:11:12','2025-12-27 16:11:12'),(189,4,'LOJISTIK','Ek Talep 4',4,'BEKLIYOR',4,'2025-12-27 16:11:12','2025-12-27 16:11:12'),(190,5,'DIGER','Ek Talep 5',2,'TAMAMLANDI',5,'2025-12-27 16:11:12','2025-12-27 16:11:12'),(191,1,'GIDA','Ek Talep 1',2,'BEKLIYOR',1,'2025-12-27 16:23:12','2025-12-27 16:23:12'),(192,2,'BARINMA','Ek Talep 2',3,'BEKLIYOR',2,'2025-12-27 16:23:12','2025-12-27 16:23:12'),(193,3,'SAGLIK','Ek Talep 3',1,'KARSILANIYOR',3,'2025-12-27 16:23:12','2025-12-27 16:23:12'),(194,4,'LOJISTIK','Ek Talep 4',4,'BEKLIYOR',4,'2025-12-27 16:23:12','2025-12-27 16:23:12'),(195,5,'DIGER','Ek Talep 5',2,'TAMAMLANDI',5,'2025-12-27 16:23:12','2025-12-27 16:23:12'),(196,1,'GIDA','Ek Talep 1',2,'BEKLIYOR',1,'2025-12-27 16:23:13','2025-12-27 16:23:13'),(197,2,'BARINMA','Ek Talep 2',3,'BEKLIYOR',2,'2025-12-27 16:23:13','2025-12-27 16:23:13'),(198,3,'SAGLIK','Ek Talep 3',1,'KARSILANIYOR',3,'2025-12-27 16:23:13','2025-12-27 16:23:13'),(199,4,'LOJISTIK','Ek Talep 4',4,'BEKLIYOR',4,'2025-12-27 16:23:13','2025-12-27 16:23:13'),(200,5,'DIGER','Ek Talep 5',2,'TAMAMLANDI',5,'2025-12-27 16:23:13','2025-12-27 16:23:13'),(201,1,'GIDA','Ek Talep 1',2,'BEKLIYOR',1,'2025-12-27 16:23:14','2025-12-27 16:23:14'),(202,2,'BARINMA','Ek Talep 2',3,'BEKLIYOR',2,'2025-12-27 16:23:14','2025-12-27 16:23:14'),(203,3,'SAGLIK','Ek Talep 3',1,'KARSILANIYOR',3,'2025-12-27 16:23:14','2025-12-27 16:23:14'),(204,4,'LOJISTIK','Ek Talep 4',4,'BEKLIYOR',4,'2025-12-27 16:23:14','2025-12-27 16:23:14'),(205,5,'DIGER','Ek Talep 5',2,'TAMAMLANDI',5,'2025-12-27 16:23:14','2025-12-27 16:23:14'),(206,1,'GIDA','Ek Talep 1',2,'BEKLIYOR',1,'2025-12-27 16:26:56','2025-12-27 16:26:56'),(207,2,'BARINMA','Ek Talep 2',3,'BEKLIYOR',2,'2025-12-27 16:26:56','2025-12-27 16:26:56'),(208,3,'SAGLIK','Ek Talep 3',1,'KARSILANIYOR',3,'2025-12-27 16:26:56','2025-12-27 16:26:56'),(209,4,'LOJISTIK','Ek Talep 4',4,'BEKLIYOR',4,'2025-12-27 16:26:56','2025-12-27 16:26:56'),(210,5,'DIGER','Ek Talep 5',2,'TAMAMLANDI',5,'2025-12-27 16:26:56','2025-12-27 16:26:56'),(211,1,'GIDA','Ek Talep 1',2,'BEKLIYOR',1,'2025-12-27 16:26:57','2025-12-27 16:26:57'),(212,2,'BARINMA','Ek Talep 2',3,'BEKLIYOR',2,'2025-12-27 16:26:57','2025-12-27 16:26:57'),(213,3,'SAGLIK','Ek Talep 3',1,'KARSILANIYOR',3,'2025-12-27 16:26:57','2025-12-27 16:26:57'),(214,4,'LOJISTIK','Ek Talep 4',4,'BEKLIYOR',4,'2025-12-27 16:26:57','2025-12-27 16:26:57'),(215,5,'DIGER','Ek Talep 5',2,'TAMAMLANDI',5,'2025-12-27 16:26:57','2025-12-27 16:26:57'),(216,1,'GIDA','Ek Talep 1',2,'BEKLIYOR',1,'2025-12-27 23:07:00','2025-12-27 23:07:00'),(217,2,'BARINMA','Ek Talep 2',3,'BEKLIYOR',2,'2025-12-27 23:07:00','2025-12-27 23:07:00'),(218,3,'SAGLIK','Ek Talep 3',1,'KARSILANIYOR',3,'2025-12-27 23:07:00','2025-12-27 23:07:00'),(219,4,'LOJISTIK','Ek Talep 4',4,'BEKLIYOR',4,'2025-12-27 23:07:00','2025-12-27 23:07:00'),(220,5,'DIGER','Ek Talep 5',2,'TAMAMLANDI',5,'2025-12-27 23:07:00','2025-12-27 23:07:00'),(221,1,'GIDA','Ek Talep 1',2,'BEKLIYOR',1,'2025-12-27 23:07:13','2025-12-27 23:07:13'),(222,2,'BARINMA','Ek Talep 2',3,'BEKLIYOR',2,'2025-12-27 23:07:13','2025-12-27 23:07:13'),(223,3,'SAGLIK','Ek Talep 3',1,'KARSILANIYOR',3,'2025-12-27 23:07:13','2025-12-27 23:07:13'),(224,4,'LOJISTIK','Ek Talep 4',4,'BEKLIYOR',4,'2025-12-27 23:07:13','2025-12-27 23:07:13'),(225,5,'DIGER','Ek Talep 5',2,'TAMAMLANDI',5,'2025-12-27 23:07:13','2025-12-27 23:07:13'),(226,1,'GIDA','Ek Talep 1',2,'BEKLIYOR',1,'2025-12-27 23:07:13','2025-12-27 23:07:13'),(227,2,'BARINMA','Ek Talep 2',3,'BEKLIYOR',2,'2025-12-27 23:07:13','2025-12-27 23:07:13'),(228,3,'SAGLIK','Ek Talep 3',1,'KARSILANIYOR',3,'2025-12-27 23:07:13','2025-12-27 23:07:13'),(229,4,'LOJISTIK','Ek Talep 4',4,'BEKLIYOR',4,'2025-12-27 23:07:13','2025-12-27 23:07:13'),(230,5,'DIGER','Ek Talep 5',2,'TAMAMLANDI',5,'2025-12-27 23:07:13','2025-12-27 23:07:13'),(231,1,'GIDA','Ek Talep 1',2,'BEKLIYOR',1,'2025-12-27 23:09:42','2025-12-27 23:09:42'),(232,2,'BARINMA','Ek Talep 2',3,'BEKLIYOR',2,'2025-12-27 23:09:42','2025-12-27 23:09:42'),(233,3,'SAGLIK','Ek Talep 3',1,'KARSILANIYOR',3,'2025-12-27 23:09:42','2025-12-27 23:09:42'),(234,4,'LOJISTIK','Ek Talep 4',4,'BEKLIYOR',4,'2025-12-27 23:09:42','2025-12-27 23:09:42'),(235,5,'DIGER','Ek Talep 5',2,'TAMAMLANDI',5,'2025-12-27 23:09:42','2025-12-27 23:09:42'),(236,1,'GIDA','Ek Talep 1',2,'BEKLIYOR',1,'2025-12-27 23:09:43','2025-12-27 23:09:43'),(237,2,'BARINMA','Ek Talep 2',3,'BEKLIYOR',2,'2025-12-27 23:09:43','2025-12-27 23:09:43'),(238,3,'SAGLIK','Ek Talep 3',1,'KARSILANIYOR',3,'2025-12-27 23:09:43','2025-12-27 23:09:43'),(239,4,'LOJISTIK','Ek Talep 4',4,'BEKLIYOR',4,'2025-12-27 23:09:43','2025-12-27 23:09:43'),(240,5,'DIGER','Ek Talep 5',2,'TAMAMLANDI',5,'2025-12-27 23:09:43','2025-12-27 23:09:43'),(241,1,'GIDA','Ek Talep 1',2,'BEKLIYOR',1,'2025-12-27 23:10:09','2025-12-27 23:10:09'),(242,2,'BARINMA','Ek Talep 2',3,'BEKLIYOR',2,'2025-12-27 23:10:09','2025-12-27 23:10:09'),(243,3,'SAGLIK','Ek Talep 3',1,'KARSILANIYOR',3,'2025-12-27 23:10:09','2025-12-27 23:10:09'),(244,4,'LOJISTIK','Ek Talep 4',4,'BEKLIYOR',4,'2025-12-27 23:10:09','2025-12-27 23:10:09'),(245,5,'DIGER','Ek Talep 5',2,'TAMAMLANDI',5,'2025-12-27 23:10:09','2025-12-27 23:10:09'),(246,1,'GIDA','Ek Talep 1',2,'BEKLIYOR',1,'2025-12-27 23:10:40','2025-12-27 23:10:40'),(247,2,'BARINMA','Ek Talep 2',3,'BEKLIYOR',2,'2025-12-27 23:10:40','2025-12-27 23:10:40'),(248,3,'SAGLIK','Ek Talep 3',1,'KARSILANIYOR',3,'2025-12-27 23:10:40','2025-12-27 23:10:40'),(249,4,'LOJISTIK','Ek Talep 4',4,'BEKLIYOR',4,'2025-12-27 23:10:40','2025-12-27 23:10:40'),(250,5,'DIGER','Ek Talep 5',2,'TAMAMLANDI',5,'2025-12-27 23:10:40','2025-12-27 23:10:40'),(251,1,'GIDA','Ek Talep 1',2,'BEKLIYOR',1,'2025-12-27 23:10:41','2025-12-27 23:10:41'),(252,2,'BARINMA','Ek Talep 2',3,'BEKLIYOR',2,'2025-12-27 23:10:41','2025-12-27 23:10:41'),(253,3,'SAGLIK','Ek Talep 3',1,'KARSILANIYOR',3,'2025-12-27 23:10:41','2025-12-27 23:10:41'),(254,4,'LOJISTIK','Ek Talep 4',4,'BEKLIYOR',4,'2025-12-27 23:10:41','2025-12-27 23:10:41'),(255,5,'DIGER','Ek Talep 5',2,'TAMAMLANDI',5,'2025-12-27 23:10:41','2025-12-27 23:10:41'),(256,1,'GIDA','Ek Talep 1',2,'BEKLIYOR',1,'2025-12-27 23:10:42','2025-12-27 23:10:42'),(257,2,'BARINMA','Ek Talep 2',3,'BEKLIYOR',2,'2025-12-27 23:10:42','2025-12-27 23:10:42'),(258,3,'SAGLIK','Ek Talep 3',1,'KARSILANIYOR',3,'2025-12-27 23:10:42','2025-12-27 23:10:42'),(259,4,'LOJISTIK','Ek Talep 4',4,'BEKLIYOR',4,'2025-12-27 23:10:42','2025-12-27 23:10:42'),(260,5,'DIGER','Ek Talep 5',2,'TAMAMLANDI',5,'2025-12-27 23:10:42','2025-12-27 23:10:42'),(261,1,'GIDA','Ek Talep 1',2,'BEKLIYOR',1,'2025-12-27 23:31:41','2025-12-27 23:31:41'),(262,2,'BARINMA','Ek Talep 2',3,'BEKLIYOR',2,'2025-12-27 23:31:41','2025-12-27 23:31:41'),(263,3,'SAGLIK','Ek Talep 3',1,'KARSILANIYOR',3,'2025-12-27 23:31:41','2025-12-27 23:31:41'),(264,4,'LOJISTIK','Ek Talep 4',4,'BEKLIYOR',4,'2025-12-27 23:31:41','2025-12-27 23:31:41'),(265,5,'DIGER','Ek Talep 5',2,'TAMAMLANDI',5,'2025-12-27 23:31:41','2025-12-27 23:31:41'),(266,1,'GIDA','Ek Talep 1',2,'BEKLIYOR',1,'2025-12-27 23:31:42','2025-12-27 23:31:42'),(267,2,'BARINMA','Ek Talep 2',3,'BEKLIYOR',2,'2025-12-27 23:31:42','2025-12-27 23:31:42'),(268,3,'SAGLIK','Ek Talep 3',1,'KARSILANIYOR',3,'2025-12-27 23:31:42','2025-12-27 23:31:42'),(269,4,'LOJISTIK','Ek Talep 4',4,'BEKLIYOR',4,'2025-12-27 23:31:42','2025-12-27 23:31:42'),(270,5,'DIGER','Ek Talep 5',2,'TAMAMLANDI',5,'2025-12-27 23:31:42','2025-12-27 23:31:42'),(271,1,'GIDA','Ek Talep 1',2,'BEKLIYOR',1,'2025-12-27 23:31:42','2025-12-27 23:31:42'),(272,2,'BARINMA','Ek Talep 2',3,'BEKLIYOR',2,'2025-12-27 23:31:42','2025-12-27 23:31:42'),(273,3,'SAGLIK','Ek Talep 3',1,'KARSILANIYOR',3,'2025-12-27 23:31:42','2025-12-27 23:31:42'),(274,4,'LOJISTIK','Ek Talep 4',4,'BEKLIYOR',4,'2025-12-27 23:31:42','2025-12-27 23:31:42'),(275,5,'DIGER','Ek Talep 5',2,'TAMAMLANDI',5,'2025-12-27 23:31:42','2025-12-27 23:31:42'),(276,1,'GIDA','Ek Talep 1',2,'BEKLIYOR',1,'2025-12-27 23:33:00','2025-12-27 23:33:00'),(277,2,'BARINMA','Ek Talep 2',3,'BEKLIYOR',2,'2025-12-27 23:33:00','2025-12-27 23:33:00'),(278,3,'SAGLIK','Ek Talep 3',1,'KARSILANIYOR',3,'2025-12-27 23:33:00','2025-12-27 23:33:00'),(279,4,'LOJISTIK','Ek Talep 4',4,'BEKLIYOR',4,'2025-12-27 23:33:00','2025-12-27 23:33:00'),(280,5,'DIGER','Ek Talep 5',2,'TAMAMLANDI',5,'2025-12-27 23:33:00','2025-12-27 23:33:00'),(281,1,'GIDA','Ek Talep 1',2,'BEKLIYOR',1,'2025-12-27 23:33:03','2025-12-27 23:33:03'),(282,2,'BARINMA','Ek Talep 2',3,'BEKLIYOR',2,'2025-12-27 23:33:03','2025-12-27 23:33:03'),(283,3,'SAGLIK','Ek Talep 3',1,'KARSILANIYOR',3,'2025-12-27 23:33:03','2025-12-27 23:33:03'),(284,4,'LOJISTIK','Ek Talep 4',4,'BEKLIYOR',4,'2025-12-27 23:33:03','2025-12-27 23:33:03'),(285,5,'DIGER','Ek Talep 5',2,'TAMAMLANDI',5,'2025-12-27 23:33:03','2025-12-27 23:33:03'),(286,1,'GIDA','Ek Talep 1',2,'BEKLIYOR',1,'2025-12-27 23:34:13','2025-12-27 23:34:13'),(287,2,'BARINMA','Ek Talep 2',3,'BEKLIYOR',2,'2025-12-27 23:34:13','2025-12-27 23:34:13'),(288,3,'SAGLIK','Ek Talep 3',1,'KARSILANIYOR',3,'2025-12-27 23:34:13','2025-12-27 23:34:13'),(289,4,'LOJISTIK','Ek Talep 4',4,'BEKLIYOR',4,'2025-12-27 23:34:13','2025-12-27 23:34:13'),(290,5,'DIGER','Ek Talep 5',2,'TAMAMLANDI',5,'2025-12-27 23:34:13','2025-12-27 23:34:13'),(291,1,'GIDA','Ek Talep 1',2,'BEKLIYOR',1,'2025-12-27 23:34:14','2025-12-27 23:34:14'),(292,2,'BARINMA','Ek Talep 2',3,'BEKLIYOR',2,'2025-12-27 23:34:14','2025-12-27 23:34:14'),(293,3,'SAGLIK','Ek Talep 3',1,'KARSILANIYOR',3,'2025-12-27 23:34:14','2025-12-27 23:34:14'),(294,4,'LOJISTIK','Ek Talep 4',4,'BEKLIYOR',4,'2025-12-27 23:34:14','2025-12-27 23:34:14'),(295,5,'DIGER','Ek Talep 5',2,'TAMAMLANDI',5,'2025-12-27 23:34:14','2025-12-27 23:34:14'),(296,1,'GIDA','Ek Talep 1',2,'BEKLIYOR',1,'2025-12-27 23:34:14','2025-12-27 23:34:14'),(297,2,'BARINMA','Ek Talep 2',3,'BEKLIYOR',2,'2025-12-27 23:34:14','2025-12-27 23:34:14'),(298,3,'SAGLIK','Ek Talep 3',1,'KARSILANIYOR',3,'2025-12-27 23:34:14','2025-12-27 23:34:14'),(299,4,'LOJISTIK','Ek Talep 4',4,'BEKLIYOR',4,'2025-12-27 23:34:14','2025-12-27 23:34:14'),(300,5,'DIGER','Ek Talep 5',2,'TAMAMLANDI',5,'2025-12-27 23:34:14','2025-12-27 23:34:14'),(301,1,'GIDA','Ek Talep 1',2,'BEKLIYOR',1,'2025-12-27 23:36:34','2025-12-27 23:36:34'),(302,2,'BARINMA','Ek Talep 2',3,'BEKLIYOR',2,'2025-12-27 23:36:34','2025-12-27 23:36:34'),(303,3,'SAGLIK','Ek Talep 3',1,'KARSILANIYOR',3,'2025-12-27 23:36:34','2025-12-27 23:36:34'),(304,4,'LOJISTIK','Ek Talep 4',4,'BEKLIYOR',4,'2025-12-27 23:36:34','2025-12-27 23:36:34'),(305,5,'DIGER','Ek Talep 5',2,'TAMAMLANDI',5,'2025-12-27 23:36:34','2025-12-27 23:36:34'),(306,1,'GIDA','Ek Talep 1',2,'BEKLIYOR',1,'2025-12-27 23:37:12','2025-12-27 23:37:12'),(307,2,'BARINMA','Ek Talep 2',3,'BEKLIYOR',2,'2025-12-27 23:37:12','2025-12-27 23:37:12'),(308,3,'SAGLIK','Ek Talep 3',1,'KARSILANIYOR',3,'2025-12-27 23:37:12','2025-12-27 23:37:12'),(309,4,'LOJISTIK','Ek Talep 4',4,'BEKLIYOR',4,'2025-12-27 23:37:12','2025-12-27 23:37:12'),(310,5,'DIGER','Ek Talep 5',2,'TAMAMLANDI',5,'2025-12-27 23:37:12','2025-12-27 23:37:12'),(311,1,'GIDA','Ek Talep 1',2,'BEKLIYOR',1,'2025-12-27 23:45:42','2025-12-27 23:45:42'),(312,2,'BARINMA','Ek Talep 2',3,'BEKLIYOR',2,'2025-12-27 23:45:42','2025-12-27 23:45:42'),(313,3,'SAGLIK','Ek Talep 3',1,'KARSILANIYOR',3,'2025-12-27 23:45:42','2025-12-27 23:45:42'),(314,4,'LOJISTIK','Ek Talep 4',4,'BEKLIYOR',4,'2025-12-27 23:45:42','2025-12-27 23:45:42'),(315,5,'DIGER','Ek Talep 5',2,'TAMAMLANDI',5,'2025-12-27 23:45:42','2025-12-27 23:45:42'),(316,1,'GIDA','Ek Talep 1',2,'BEKLIYOR',1,'2025-12-27 23:51:28','2025-12-27 23:51:28'),(317,2,'BARINMA','Ek Talep 2',3,'BEKLIYOR',2,'2025-12-27 23:51:28','2025-12-27 23:51:28'),(318,3,'SAGLIK','Ek Talep 3',1,'KARSILANIYOR',3,'2025-12-27 23:51:28','2025-12-27 23:51:28'),(319,4,'LOJISTIK','Ek Talep 4',4,'BEKLIYOR',4,'2025-12-27 23:51:28','2025-12-27 23:51:28'),(320,5,'DIGER','Ek Talep 5',2,'TAMAMLANDI',5,'2025-12-27 23:51:28','2025-12-27 23:51:28'),(321,1,'GIDA','Ek Talep 1',2,'BEKLIYOR',1,'2025-12-28 00:00:40','2025-12-28 00:00:40'),(322,2,'BARINMA','Ek Talep 2',3,'BEKLIYOR',2,'2025-12-28 00:00:40','2025-12-28 00:00:40'),(323,3,'SAGLIK','Ek Talep 3',1,'KARSILANIYOR',3,'2025-12-28 00:00:40','2025-12-28 00:00:40'),(324,4,'LOJISTIK','Ek Talep 4',4,'BEKLIYOR',4,'2025-12-28 00:00:40','2025-12-28 00:00:40'),(325,5,'DIGER','Ek Talep 5',2,'TAMAMLANDI',5,'2025-12-28 00:00:40','2025-12-28 00:00:40'),(326,1,'GIDA','Ek Talep 1',2,'BEKLIYOR',1,'2025-12-28 00:12:07','2025-12-28 00:12:07'),(327,2,'BARINMA','Ek Talep 2',3,'BEKLIYOR',2,'2025-12-28 00:12:07','2025-12-28 00:12:07'),(328,3,'SAGLIK','Ek Talep 3',1,'KARSILANIYOR',3,'2025-12-28 00:12:07','2025-12-28 00:12:07'),(329,4,'LOJISTIK','Ek Talep 4',4,'BEKLIYOR',4,'2025-12-28 00:12:07','2025-12-28 00:12:07'),(330,5,'DIGER','Ek Talep 5',2,'TAMAMLANDI',5,'2025-12-28 00:12:07','2025-12-28 00:12:07');
/*!40000 ALTER TABLE `talepler_kopya` ENABLE KEYS */;
UNLOCK TABLES;

--
-- Temporary view structure for view `v_gonullu_iletisim`
--

DROP TABLE IF EXISTS `v_gonullu_iletisim`;
/*!50001 DROP VIEW IF EXISTS `v_gonullu_iletisim`*/;
SET @saved_cs_client     = @@character_set_client;
/*!50503 SET character_set_client = utf8mb4 */;
/*!50001 CREATE VIEW `v_gonullu_iletisim` AS SELECT 
 1 AS `id`,
 1 AS `ad_soyad`,
 1 AS `email_maskeli`,
 1 AS `telefon`,
 1 AS `uygunluk`,
 1 AS `aktif_mi`,
 1 AS `created_at`*/;
SET character_set_client = @saved_cs_client;

--
-- Final view structure for view `v_gonullu_iletisim`
--

/*!50001 DROP VIEW IF EXISTS `v_gonullu_iletisim`*/;
/*!50001 SET @saved_cs_client          = @@character_set_client */;
/*!50001 SET @saved_cs_results         = @@character_set_results */;
/*!50001 SET @saved_col_connection     = @@collation_connection */;
/*!50001 SET character_set_client      = utf8mb4 */;
/*!50001 SET character_set_results     = utf8mb4 */;
/*!50001 SET collation_connection      = utf8mb4_0900_ai_ci */;
/*!50001 CREATE ALGORITHM=UNDEFINED */
/*!50013 DEFINER=`root`@`localhost` SQL SECURITY DEFINER */
/*!50001 VIEW `v_gonullu_iletisim` AS select `k`.`id` AS `id`,`k`.`ad_soyad` AS `ad_soyad`,concat(left(`k`.`email`,3),'***@',substring_index(`k`.`email`,'@',-(1))) AS `email_maskeli`,`k`.`telefon` AS `telefon`,`k`.`uygunluk` AS `uygunluk`,`k`.`aktif_mi` AS `aktif_mi`,`k`.`created_at` AS `created_at` from (`kullanicilar` `k` join `roller` `r` on((`r`.`id` = `k`.`rol_id`))) where (`r`.`rol_adi` = 'GONULLU') */;
/*!50001 SET character_set_client      = @saved_cs_client */;
/*!50001 SET character_set_results     = @saved_cs_results */;
/*!50001 SET collation_connection      = @saved_col_connection */;
/*!40103 SET TIME_ZONE=@OLD_TIME_ZONE */;

/*!40101 SET SQL_MODE=@OLD_SQL_MODE */;
/*!40014 SET FOREIGN_KEY_CHECKS=@OLD_FOREIGN_KEY_CHECKS */;
/*!40014 SET UNIQUE_CHECKS=@OLD_UNIQUE_CHECKS */;
/*!40101 SET CHARACTER_SET_CLIENT=@OLD_CHARACTER_SET_CLIENT */;
/*!40101 SET CHARACTER_SET_RESULTS=@OLD_CHARACTER_SET_RESULTS */;
/*!40101 SET COLLATION_CONNECTION=@OLD_COLLATION_CONNECTION */;
/*!40111 SET SQL_NOTES=@OLD_SQL_NOTES */;

-- Dump completed on 2026-02-11 13:19:10
